record_id,seed,center_s,start_s,end_s,score,predicted_false_alarm_window
long_no_runaway_seed_42,42,0.2495,0.0,0.499,0.0018107975057433542,0
long_no_runaway_seed_42,42,0.29950000000000004,0.05,0.549,0.016297177551690183,0
long_no_runaway_seed_42,42,0.3495,0.1,0.599,0.010864785034460124,0
long_no_runaway_seed_42,42,0.3995,0.15,0.649,0.011512126199738222,0
long_no_runaway_seed_42,42,0.4495,0.2,0.6990000000000001,0.006503936396739212,0
long_no_runaway_seed_42,42,0.4995,0.25,0.749,0.005072212841075015,0
long_no_runaway_seed_42,42,0.5495,0.3,0.799,0.00323027267939913,0
long_no_runaway_seed_42,42,0.5995,0.35000000000000003,0.849,0.003113518772059214,0
long_no_runaway_seed_42,42,0.6495,0.4,0.899,0.008717869631641575,0
long_no_runaway_seed_42,42,0.6995,0.45,0.9490000000000001,0.0,0
long_no_runaway_seed_42,42,0.7495,0.5,0.999,0.0029780283075203796,0
long_no_runaway_seed_42,42,0.7995,0.55,1.049,0.003691738045890071,0
long_no_runaway_seed_42,42,0.8494999999999999,0.6,1.099,0.00015970996034387955,0
long_no_runaway_seed_42,42,0.8995,0.65,1.149,0.0035619409820953096,0
long_no_runaway_seed_42,42,0.9495,0.7000000000000001,1.199,0.0,0
long_no_runaway_seed_42,42,0.9995,0.75,1.249,0.0,0
long_no_runaway_seed_42,42,1.0495,0.8,1.299,0.003621595011486708,0
long_no_runaway_seed_42,42,1.0995,0.85,1.349,0.014337159090614917,0
long_no_runaway_seed_42,42,1.1495,0.9,1.399,0.005213028527494784,0
long_no_runaway_seed_42,42,1.1995,0.9500000000000001,1.449,0.0,0
long_no_runaway_seed_42,42,1.2495,1.0,1.499,0.010864785034460122,0
long_no_runaway_seed_42,42,1.2995,1.05,1.549,0.0076418948133434375,0
long_no_runaway_seed_42,42,1.3495,1.1,1.599,0.002326921256565745,0
long_no_runaway_seed_42,42,1.3995000000000002,1.1500000000000001,1.649,0.000886131001859738,0
long_no_runaway_seed_42,42,1.4495,1.2,1.699,0.0025792224734849144,0
long_no_runaway_seed_42,42,1.4995,1.25,1.749,0.0001828985315079383,0
long_no_runaway_seed_42,42,1.5495,1.3,1.799,0.0001828985315079383,0
long_no_runaway_seed_42,42,1.5995,1.35,1.849,0.0001828985315079383,0
long_no_runaway_seed_42,42,1.6495000000000002,1.4000000000000001,1.899,0.0002680622217544385,0
long_no_runaway_seed_42,42,1.6995,1.45,1.949,0.0019936960372512924,0
long_no_runaway_seed_42,42,1.7495,1.5,1.999,0.0001828985315079383,0
long_no_runaway_seed_42,42,1.7995,1.55,2.049,0.006522866852981941,0
long_no_runaway_seed_42,42,1.8495000000000001,1.6,2.099,0.01914495838525873,0
long_no_runaway_seed_42,42,1.8995000000000002,1.6500000000000001,2.149,0.01821609593872078,0
long_no_runaway_seed_42,42,1.9495,1.7,2.199,0.010890294695315226,0
long_no_runaway_seed_42,42,1.9995,1.75,2.249,0.0,0
long_no_runaway_seed_42,42,2.0495,1.8,2.299,0.012312320155153328,0
long_no_runaway_seed_42,42,2.0995,1.85,2.349,0.08232218322186942,0
long_no_runaway_seed_42,42,2.1495,1.9000000000000001,2.399,0.23629554513499884,1
long_no_runaway_seed_42,42,2.1995,1.95,2.449,0.10334091205444995,0
long_no_runaway_seed_42,42,2.2495000000000003,2.0,2.499,0.052118102493645194,0
long_no_runaway_seed_42,42,2.2995,2.05,2.549,0.04621201318431644,0
long_no_runaway_seed_42,42,2.3495,2.1,2.599,0.040998984656821655,0
long_no_runaway_seed_42,42,2.3994999999999997,2.15,2.649,0.04284235696005553,0
long_no_runaway_seed_42,42,2.4495,2.2,2.699,0.09816786062511496,0
long_no_runaway_seed_42,42,2.4995000000000003,2.25,2.749,0.04356387000168913,0
long_no_runaway_seed_42,42,2.5495,2.3000000000000003,2.799,0.011632503701150558,0
long_no_runaway_seed_42,42,2.5995,2.35,2.849,0.006011406565507343,0
long_no_runaway_seed_42,42,2.6494999999999997,2.4,2.899,0.001591433516008076,0
long_no_runaway_seed_42,42,2.6995,2.45,2.949,0.0025,0
long_no_runaway_seed_42,42,2.7495000000000003,2.5,2.999,0.008221899541368703,0
long_no_runaway_seed_42,42,2.7995,2.5500000000000003,3.049,0.005332178979910186,0
long_no_runaway_seed_42,42,2.8495,2.6,3.099,0.009633001576994048,0
long_no_runaway_seed_42,42,2.8994999999999997,2.65,3.149,0.010104992652136092,0
long_no_runaway_seed_42,42,2.9495000000000005,2.7,3.1990000000000003,0.008404383592372104,0
long_no_runaway_seed_42,42,2.9995000000000003,2.75,3.249,0.022669912980021842,0
long_no_runaway_seed_42,42,3.0495,2.8000000000000003,3.299,0.023688694822667472,0
long_no_runaway_seed_42,42,3.0995,2.85,3.349,0.032168875968293265,0
long_no_runaway_seed_42,42,3.1494999999999997,2.9,3.399,0.022736481854126626,0
long_no_runaway_seed_42,42,3.1995000000000005,2.95,3.4490000000000003,0.05101018506363775,0
long_no_runaway_seed_42,42,3.2495000000000003,3.0,3.499,0.009448152479801844,0
long_no_runaway_seed_42,42,3.2995,3.0500000000000003,3.549,0.00789234710565406,0
long_no_runaway_seed_42,42,3.3495,3.1,3.599,0.004200609059763989,0
long_no_runaway_seed_42,42,3.3994999999999997,3.15,3.649,0.00418996244838463,0
long_no_runaway_seed_42,42,3.4495000000000005,3.2,3.6990000000000003,0.002379164942641276,0
long_no_runaway_seed_42,42,3.4995000000000003,3.25,3.749,0.003521381474166832,0
long_no_runaway_seed_42,42,3.5495,3.3000000000000003,3.799,0.003521381474166832,0
long_no_runaway_seed_42,42,3.5995,3.35,3.849,0.02275856352337569,0
long_no_runaway_seed_42,42,3.6494999999999997,3.4,3.899,0.014835011481863827,0
long_no_runaway_seed_42,42,3.6995000000000005,3.45,3.9490000000000003,0.019336035987945567,0
long_no_runaway_seed_42,42,3.7495000000000003,3.5,3.999,0.0021003045298819945,0
long_no_runaway_seed_42,42,3.7995,3.5500000000000003,4.049,0.004310797505743354,0
long_no_runaway_seed_42,42,3.8495,3.6,4.099,0.015585356865308559,0
long_no_runaway_seed_42,42,3.8994999999999997,3.65,4.149,0.017387781233021486,0
long_no_runaway_seed_42,42,3.9495,3.7,4.199,0.015504688122254098,0
long_no_runaway_seed_42,42,3.9995,3.75,4.249,0.0021003045298819945,0
long_no_runaway_seed_42,42,4.0495,3.8000000000000003,4.299,0.009633001576994048,0
long_no_runaway_seed_42,42,4.0995,3.85,4.349,0.008693890616510744,0
long_no_runaway_seed_42,42,4.1495,3.9,4.399,0.009926750126060561,0
long_no_runaway_seed_42,42,4.1995000000000005,3.95,4.449,0.015135537128627474,0
long_no_runaway_seed_42,42,4.249499999999999,4.0,4.499,0.001810797505743354,0
long_no_runaway_seed_42,42,4.2995,4.05,4.549,0.005721899541368702,0
long_no_runaway_seed_42,42,4.3495,4.1,4.599,0.04440154028261559,0
long_no_runaway_seed_42,42,4.3995,4.15,4.649,0.025960937210878016,0
long_no_runaway_seed_42,42,4.4495000000000005,4.2,4.699,0.017136877519326858,0
long_no_runaway_seed_42,42,4.499499999999999,4.25,4.749,0.02523516017702574,0
long_no_runaway_seed_42,42,4.5495,4.3,4.799,0.025414172637725357,0
long_no_runaway_seed_42,42,4.599500000000001,4.3500000000000005,4.849,0.0980668855367305,0
long_no_runaway_seed_42,42,4.6495,4.4,4.899,0.11122148916750142,0
long_no_runaway_seed_42,42,4.6995000000000005,4.45,4.949,0.15424600423623677,1
long_no_runaway_seed_42,42,4.749499999999999,4.5,4.999,0.19485538576781716,1
long_no_runaway_seed_42,42,4.7995,4.55,5.049,0.20071279516485763,1
long_no_runaway_seed_42,42,4.849500000000001,4.6000000000000005,5.099,0.12666735194461853,0
long_no_runaway_seed_42,42,4.8995,4.65,5.149,0.07423179593953008,0
long_no_runaway_seed_42,42,4.9495000000000005,4.7,5.199,0.05668521607938168,0
long_no_runaway_seed_42,42,4.999499999999999,4.75,5.249,0.08752180941012547,0
long_no_runaway_seed_42,42,5.0495,4.8,5.299,0.22628125717504952,1
long_no_runaway_seed_42,42,5.099500000000001,4.8500000000000005,5.349,0.11456911506621109,0
long_no_runaway_seed_42,42,5.1495,4.9,5.399,0.05695991049812017,0
long_no_runaway_seed_42,42,5.1995000000000005,4.95,5.449,0.038404702768084914,0
long_no_runaway_seed_42,42,5.2495,5.0,5.4990000000000006,0.0350547495724464,0
long_no_runaway_seed_42,42,5.2995,5.05,5.549,0.031358204841166665,0
long_no_runaway_seed_42,42,5.349500000000001,5.1000000000000005,5.599,0.022828585027061213,0
long_no_runaway_seed_42,42,5.3995,5.15,5.649,0.025737242503615258,0
long_no_runaway_seed_42,42,5.4495000000000005,5.2,5.699,0.009552107738662953,0
long_no_runaway_seed_42,42,5.4995,5.25,5.7490000000000006,0.0025,0
long_no_runaway_seed_42,42,5.5495,5.3,5.799,0.0,0
long_no_runaway_seed_42,42,5.599500000000001,5.3500000000000005,5.849,0.004310797505743354,0
long_no_runaway_seed_42,42,5.6495,5.4,5.899,0.0,0
long_no_runaway_seed_42,42,5.6995000000000005,5.45,5.949,0.005432392517230062,0
long_no_runaway_seed_42,42,5.7495,5.5,5.9990000000000006,0.027086620703177564,0
long_no_runaway_seed_42,42,5.7995,5.55,6.049,0.016951205824171603,0
long_no_runaway_seed_42,42,5.849500000000001,5.6000000000000005,6.099,0.03810334531214969,0
long_no_runaway_seed_42,42,5.8995,5.65,6.149,0.010615350541808333,0
long_no_runaway_seed_42,42,5.9495000000000005,5.7,6.199,0.0022194549822973962,0
long_no_runaway_seed_42,42,5.9995,5.75,6.2490000000000006,0.009874610039775805,0
long_no_runaway_seed_42,42,6.0495,5.8,6.299,0.027029194086825203,0
long_no_runaway_seed_42,42,6.099500000000001,5.8500000000000005,6.349,0.0524105329893097,0
long_no_runaway_seed_42,42,6.1495,5.9,6.399,0.045746889084378586,0
long_no_runaway_seed_42,42,6.1995000000000005,5.95,6.449,0.02210567258346906,0
long_no_runaway_seed_42,42,6.2495,6.0,6.4990000000000006,0.02134659487350633,0
long_no_runaway_seed_42,42,6.2995,6.05,6.549,0.031339246509042386,0
long_no_runaway_seed_42,42,6.349500000000001,6.1000000000000005,6.599,0.024529461905522475,0
long_no_runaway_seed_42,42,6.3995,6.15,6.649,0.03702501119520538,0
long_no_runaway_seed_42,42,6.4495000000000005,6.2,6.699,0.10694621165751476,0
long_no_runaway_seed_42,42,6.4995,6.25,6.7490000000000006,0.0674445057520147,0
long_no_runaway_seed_42,42,6.5495,6.3,6.799,0.05066425272276273,0
long_no_runaway_seed_42,42,6.599500000000001,6.3500000000000005,6.849,0.015584754113109993,0
long_no_runaway_seed_42,42,6.6495,6.4,6.899,0.0064194751736557755,0
long_no_runaway_seed_42,42,6.6995000000000005,6.45,6.949,0.005041070185142485,0
long_no_runaway_seed_42,42,6.7495,6.5,6.9990000000000006,0.006411102035625349,0
long_no_runaway_seed_42,42,6.7995,6.55,7.049,0.014846030104488834,0
long_no_runaway_seed_42,42,6.849500000000001,6.6000000000000005,7.099,0.013333112760914548,0
long_no_runaway_seed_42,42,6.8995,6.65,7.149,0.01981548562799745,0
long_no_runaway_seed_42,42,6.9495000000000005,6.7,7.199,0.027859228482079567,0
long_no_runaway_seed_42,42,6.9995,6.75,7.2490000000000006,0.03600202788004426,0
long_no_runaway_seed_42,42,7.0495,6.8,7.299,0.010432392517230063,0
long_no_runaway_seed_42,42,7.099500000000001,6.8500000000000005,7.349,0.017969960754142894,0
long_no_runaway_seed_42,42,7.1495,6.9,7.399,0.0046003045298819946,0
long_no_runaway_seed_42,42,7.1995000000000005,6.95,7.449,0.018738715142902963,0
long_no_runaway_seed_42,42,7.2495,7.0,7.4990000000000006,0.03000693168543689,0
long_no_runaway_seed_42,42,7.2995,7.05,7.549,0.027088746361123888,0
long_no_runaway_seed_42,42,7.349500000000001,7.1000000000000005,7.599,0.003911102035625349,0
long_no_runaway_seed_42,42,7.3995,7.15,7.649,0.006011406565507344,0
long_no_runaway_seed_42,42,7.4495000000000005,7.2,7.699,0.010032697047112056,0
long_no_runaway_seed_42,42,7.4995,7.25,7.7490000000000006,0.0018107975057433542,0
long_no_runaway_seed_42,42,7.5495,7.3,7.799,0.0025,0
long_no_runaway_seed_42,42,7.599500000000001,7.3500000000000005,7.849,0.015063131323157543,0
long_no_runaway_seed_42,42,7.6495,7.4,7.899,0.00827206194671102,0
long_no_runaway_seed_42,42,7.6995000000000005,7.45,7.949,0.01587705459884711,0
long_no_runaway_seed_42,42,7.7495,7.5,7.9990000000000006,0.007655155057478409,0
long_no_runaway_seed_42,42,7.7995,7.55,8.049,0.01734338461989425,0
long_no_runaway_seed_42,42,7.849500000000001,7.6000000000000005,8.099,0.010166735635834687,0
long_no_runaway_seed_42,42,7.899500000000001,7.65,8.149000000000001,0.007093969067641501,0
long_no_runaway_seed_42,42,7.9495000000000005,7.7,8.199,0.0069220107252892,0
long_no_runaway_seed_42,42,7.9995,7.75,8.249,0.061861143354322745,0
long_no_runaway_seed_42,42,8.0495,7.8,8.299,0.10740548183578745,0
long_no_runaway_seed_42,42,8.0995,7.8500000000000005,8.349,0.1347081294257656,0
long_no_runaway_seed_42,42,8.1495,7.9,8.399000000000001,0.12175433538419873,0
long_no_runaway_seed_42,42,8.1995,7.95,8.449,0.10396358363018031,0
long_no_runaway_seed_42,42,8.249500000000001,8.0,8.499,0.06281005564347866,0
long_no_runaway_seed_42,42,8.2995,8.05,8.549,0.0427420688834312,0
long_no_runaway_seed_42,42,8.349499999999999,8.1,8.599,0.007702009904869776,0
long_no_runaway_seed_42,42,8.3995,8.15,8.649000000000001,0.006411102035625349,0
long_no_runaway_seed_42,42,8.4495,8.2,8.699,0.01883361063675804,0
long_no_runaway_seed_42,42,8.499500000000001,8.25,8.749,0.007776444877767954,0
long_no_runaway_seed_42,42,8.5495,8.3,8.799,0.017290460872264587,0
long_no_runaway_seed_42,42,8.599499999999999,8.35,8.849,0.058532572356535646,0
long_no_runaway_seed_42,42,8.6495,8.4,8.899000000000001,0.2323395247986874,1
long_no_runaway_seed_42,42,8.6995,8.45,8.949,0.2927618022546884,1
long_no_runaway_seed_42,42,8.749500000000001,8.5,8.999,0.24905102494507705,1
long_no_runaway_seed_42,42,8.7995,8.55,9.049,0.10399097401578024,0
long_no_runaway_seed_42,42,8.849499999999999,8.6,9.099,0.049810995787090626,0
long_no_runaway_seed_42,42,8.8995,8.65,9.149000000000001,0.03399816360583337,0
long_no_runaway_seed_42,42,8.9495,8.700000000000001,9.199,0.019808137263533504,0
long_no_runaway_seed_42,42,8.999500000000001,8.75,9.249,0.03009977637426908,0
long_no_runaway_seed_42,42,9.0495,8.8,9.299,0.03632273984004069,0
long_no_runaway_seed_42,42,9.099499999999999,8.85,9.349,0.03882273984004069,0
long_no_runaway_seed_42,42,9.1495,8.9,9.399000000000001,0.004070811995969228,0
long_no_runaway_seed_42,42,9.1995,8.950000000000001,9.449,0.02952967124169259,0
long_no_runaway_seed_42,42,9.249500000000001,9.0,9.499,0.020152807116900217,0
long_no_runaway_seed_42,42,9.2995,9.05,9.549,0.051233352502022,0
long_no_runaway_seed_42,42,9.349499999999999,9.1,9.599,0.03310447936420785,0
long_no_runaway_seed_42,42,9.3995,9.15,9.649000000000001,0.023577875599602414,0
long_no_runaway_seed_42,42,9.4495,9.200000000000001,9.699,0.014416204638383983,0
long_no_runaway_seed_42,42,9.499500000000001,9.25,9.749,0.0001828985315079383,0
long_no_runaway_seed_42,42,9.5495,9.3,9.799,0.0,0
long_no_runaway_seed_42,42,9.599499999999999,9.35,9.849,0.006193890616510744,0
long_no_runaway_seed_42,42,9.6495,9.4,9.899000000000001,0.003911102035625349,0
long_no_runaway_seed_42,42,9.6995,9.450000000000001,9.949,0.01782017375025155,0
long_no_runaway_seed_42,42,9.749500000000001,9.5,9.999,0.01910125837800794,0
long_no_runaway_seed_42,42,9.7995,9.55,10.049,0.017324447634433488,0
long_no_runaway_seed_42,42,9.849499999999999,9.6,10.099,0.05155619755598762,0
long_no_runaway_seed_42,42,9.8995,9.65,10.149000000000001,0.04416059382282496,0
long_no_runaway_seed_42,42,9.9495,9.700000000000001,10.199,0.13529816141456114,0
long_no_runaway_seed_42,42,9.999500000000001,9.75,10.249,0.09237831305563826,0
long_no_runaway_seed_42,42,10.0495,9.8,10.299,0.05009013496806758,0
long_no_runaway_seed_42,42,10.099499999999999,9.85,10.349,0.07331301734522842,0
long_no_runaway_seed_42,42,10.1495,9.9,10.399000000000001,0.07133523860742857,0
long_no_runaway_seed_42,42,10.1995,9.950000000000001,10.449,0.08330645584464967,0
long_no_runaway_seed_42,42,10.249500000000001,10.0,10.499,0.09226753315818888,0
long_no_runaway_seed_42,42,10.2995,10.05,10.549,0.10051636033298857,0
long_no_runaway_seed_42,42,10.349499999999999,10.1,10.599,0.05683001244813691,0
long_no_runaway_seed_42,42,10.3995,10.15,10.649000000000001,0.02159746202896156,0
long_no_runaway_seed_42,42,10.4495,10.200000000000001,10.699,0.01424167924490647,0
long_no_runaway_seed_42,42,10.499500000000001,10.25,10.749,0.026027185432914775,0
long_no_runaway_seed_42,42,10.5495,10.3,10.799,0.05430711096459235,0
long_no_runaway_seed_42,42,10.599499999999999,10.35,10.849,0.04571671110231621,0
long_no_runaway_seed_42,42,10.6495,10.4,10.899000000000001,0.07986266791583106,0
long_no_runaway_seed_42,42,10.6995,10.450000000000001,10.949,0.08630113708376064,0
long_no_runaway_seed_42,42,10.749500000000001,10.5,10.999,0.0965236710628923,0
long_no_runaway_seed_42,42,10.7995,10.55,11.049,0.06852316583225802,0
long_no_runaway_seed_42,42,10.849499999999999,10.6,11.099,0.09059978583400236,0
long_no_runaway_seed_42,42,10.8995,10.65,11.149000000000001,0.09237307137486063,0
long_no_runaway_seed_42,42,10.9495,10.700000000000001,11.199,0.09742360579144858,0
long_no_runaway_seed_42,42,10.999500000000001,10.75,11.249,0.10334060403627396,0
long_no_runaway_seed_42,42,11.0495,10.8,11.299,0.06083101154730943,0
long_no_runaway_seed_42,42,11.099499999999999,10.85,11.349,0.037118824836315706,0
long_no_runaway_seed_42,42,11.1495,10.9,11.399000000000001,0.03430081101147561,0
long_no_runaway_seed_42,42,11.1995,10.950000000000001,11.449,0.04852008946147091,0
long_no_runaway_seed_42,42,11.249500000000001,11.0,11.499,0.1308051739637481,0
long_no_runaway_seed_42,42,11.2995,11.05,11.549,0.06913269233836891,0
long_no_runaway_seed_42,42,11.349499999999999,11.1,11.599,0.014744214796539899,0
long_no_runaway_seed_42,42,11.3995,11.15,11.649000000000001,0.010186075875695094,0
long_no_runaway_seed_42,42,11.4495,11.200000000000001,11.699,0.0025703186361414553,0
long_no_runaway_seed_42,42,11.499500000000001,11.25,11.749,0.02001038486348544,0
long_no_runaway_seed_42,42,11.5495,11.3,11.799,0.05973726154400882,0
long_no_runaway_seed_42,42,11.599499999999999,11.35,11.849,0.044914232694355086,0
long_no_runaway_seed_42,42,11.6495,11.4,11.899000000000001,0.03393275409952947,0
long_no_runaway_seed_42,42,11.6995,11.450000000000001,11.949,0.008474941107280004,0
long_no_runaway_seed_42,42,11.749500000000001,11.5,11.999,0.005721899541368702,0
long_no_runaway_seed_42,42,11.7995,11.55,12.049,0.005974941107280003,0
long_no_runaway_seed_42,42,11.849499999999999,11.6,12.099,0.02683405658155849,0
long_no_runaway_seed_42,42,11.8995,11.65,12.149000000000001,0.006411102035625349,0
long_no_runaway_seed_42,42,11.9495,11.700000000000001,12.199,0.006993696037251291,0
long_no_runaway_seed_42,42,11.999500000000001,11.75,12.249,0.024698961719777594,0
long_no_runaway_seed_42,42,12.0495,11.8,12.299,0.012712015625271333,0
long_no_runaway_seed_42,42,12.099499999999999,11.85,12.349,0.029889747991750246,0
long_no_runaway_seed_42,42,12.1495,11.9,12.399000000000001,0.05343619662276932,0
long_no_runaway_seed_42,42,12.1995,11.950000000000001,12.449,0.06291803397944853,0
long_no_runaway_seed_42,42,12.249500000000001,12.0,12.499,0.015961477683151308,0
long_no_runaway_seed_42,42,12.2995,12.05,12.549,0.0055130612602845245,0
long_no_runaway_seed_42,42,12.349499999999999,12.1,12.599,0.007822204071250697,0
long_no_runaway_seed_42,42,12.3995,12.15,12.649000000000001,0.009886043142905351,0
long_no_runaway_seed_42,42,12.4495,12.200000000000001,12.699,0.006277077337874662,0
long_no_runaway_seed_42,42,12.499500000000001,12.25,12.749,0.006770927695905443,0
long_no_runaway_seed_42,42,12.5495,12.3,12.799,0.0055110842914019445,0
long_no_runaway_seed_42,42,12.599499999999999,12.35,12.849,0.023779992015203085,0
long_no_runaway_seed_42,42,12.6495,12.4,12.899000000000001,0.008764209252652198,0
long_no_runaway_seed_42,42,12.6995,12.450000000000001,12.949,0.11307942843714779,0
long_no_runaway_seed_42,42,12.749500000000001,12.5,12.999,0.16231880275563962,1
long_no_runaway_seed_42,42,12.7995,12.55,13.049,0.057653430427876344,0
long_no_runaway_seed_42,42,12.849499999999999,12.6,13.099,0.09381913884772813,0
long_no_runaway_seed_42,42,12.8995,12.65,13.149000000000001,0.09700605372572087,0
long_no_runaway_seed_42,42,12.9495,12.700000000000001,13.199,0.0967878367591736,0
long_no_runaway_seed_42,42,12.999500000000001,12.75,13.249,0.022168417243286206,0
long_no_runaway_seed_42,42,13.0495,12.8,13.299,0.015884535972049182,0
long_no_runaway_seed_42,42,13.099499999999999,12.85,13.349,0.016741679244906472,0
long_no_runaway_seed_42,42,13.1495,12.9,13.399000000000001,0.010121738928196946,0
long_no_runaway_seed_42,42,13.1995,12.950000000000001,13.449,0.015443942999447641,0
long_no_runaway_seed_42,42,13.249500000000001,13.0,13.499,0.03690641147241635,0
long_no_runaway_seed_42,42,13.2995,13.05,13.549,0.081748931942135,0
long_no_runaway_seed_42,42,13.349499999999999,13.1,13.599,0.13036705589612466,0
long_no_runaway_seed_42,42,13.3995,13.15,13.649000000000001,0.17583358911024954,1
long_no_runaway_seed_42,42,13.4495,13.200000000000001,13.699,0.03422278775301574,0
long_no_runaway_seed_42,42,13.499500000000001,13.25,13.749,0.08464694125317994,0
long_no_runaway_seed_42,42,13.5495,13.3,13.799,0.13580745387918847,0
long_no_runaway_seed_42,42,13.599499999999999,13.35,13.849,0.2309899108012614,1
long_no_runaway_seed_42,42,13.6495,13.4,13.899000000000001,0.11538419340922507,0
long_no_runaway_seed_42,42,13.6995,13.450000000000001,13.949,0.08701084543078381,0
long_no_runaway_seed_42,42,13.749500000000001,13.5,13.999,0.17970013439921154,1
long_no_runaway_seed_42,42,13.7995,13.55,14.049,0.16357165828286496,1
long_no_runaway_seed_42,42,13.849499999999999,13.6,14.099,0.20815226038802961,1
long_no_runaway_seed_42,42,13.8995,13.65,14.149000000000001,0.15484712271318912,1
long_no_runaway_seed_42,42,13.9495,13.700000000000001,14.199,0.13409820160402608,0
long_no_runaway_seed_42,42,13.999500000000001,13.75,14.249,0.033630140409260934,0
long_no_runaway_seed_42,42,14.0495,13.8,14.299,0.0188072945454565,0
long_no_runaway_seed_42,42,14.099499999999999,13.85,14.349,0.00917429296846245,0
long_no_runaway_seed_42,42,14.1495,13.9,14.399000000000001,0.0055548505275964145,0
long_no_runaway_seed_42,42,14.1995,13.950000000000001,14.449,0.0055548505275964145,0
long_no_runaway_seed_42,42,14.249500000000001,14.0,14.499,0.005114064388312175,0
long_no_runaway_seed_42,42,14.2995,14.05,14.549,0.014973918723543785,0
long_no_runaway_seed_42,42,14.349499999999999,14.1,14.599,0.011464664728657113,0
long_no_runaway_seed_42,42,14.3995,14.15,14.649000000000001,0.004871078642028363,0
long_no_runaway_seed_42,42,14.4495,14.200000000000001,14.699,0.01099267365351507,0
long_no_runaway_seed_42,42,14.499500000000001,14.25,14.749,0.004871078642028363,0
long_no_runaway_seed_42,42,14.5495,14.3,14.799,0.01202382603323814,0
long_no_runaway_seed_42,42,14.599499999999999,14.35,14.849,0.053513600584737295,0
long_no_runaway_seed_42,42,14.6495,14.4,14.899000000000001,0.09563151420592905,0
long_no_runaway_seed_42,42,14.6995,14.450000000000001,14.949,0.14317106474540592,1
long_no_runaway_seed_42,42,14.749500000000001,14.5,14.999,0.07771728200226397,0
long_no_runaway_seed_42,42,14.7995,14.55,15.049,0.04526696450022064,0
long_no_runaway_seed_42,42,14.849499999999999,14.6,15.099,0.009743190022973415,0
long_no_runaway_seed_42,42,14.8995,14.65,15.149000000000001,0.010779459633447477,0
long_no_runaway_seed_42,42,14.9495,14.700000000000001,15.199,0.020452059768353504,0
long_no_runaway_seed_42,42,14.999500000000001,14.75,15.249,0.028744102344125576,0
long_no_runaway_seed_42,42,15.0495,14.8,15.299,0.07967623101042076,0
long_no_runaway_seed_42,42,15.099499999999999,14.85,15.349,0.04711518718068068,0
long_no_runaway_seed_42,42,15.1495,14.9,15.399000000000001,0.045489026296561395,0
long_no_runaway_seed_42,42,15.1995,14.950000000000001,15.449,0.030973215494689857,0
long_no_runaway_seed_42,42,15.249500000000001,15.0,15.499,0.028582413260921244,0
long_no_runaway_seed_42,42,15.2995,15.05,15.549,0.016838352372709583,0
long_no_runaway_seed_42,42,15.349499999999999,15.1,15.599,0.03434184177246896,0
long_no_runaway_seed_42,42,15.3995,15.15,15.649000000000001,0.013364785034460125,0
long_no_runaway_seed_42,42,15.4495,15.200000000000001,15.699,0.014053987528716769,0
long_no_runaway_seed_42,42,15.499500000000001,15.25,15.749,0.004395961195989855,0
long_no_runaway_seed_42,42,15.5495,15.3,15.799,0.03564022525088158,0
long_no_runaway_seed_42,42,15.599499999999999,15.35,15.849,0.007822204071250697,0
long_no_runaway_seed_42,42,15.6495,15.4,15.899000000000001,0.009194273597523495,0
long_no_runaway_seed_42,42,15.6995,15.450000000000001,15.949,0.006011406565507344,0
long_no_runaway_seed_42,42,15.749500000000001,15.5,15.999,0.009900649318243953,0
long_no_runaway_seed_42,42,15.7995,15.55,16.049,0.015912055883751292,0
long_no_runaway_seed_42,42,15.849499999999999,15.6,16.099,0.019126283133740804,0
long_no_runaway_seed_42,42,15.8995,15.65,16.149,0.019415790157879448,0
long_no_runaway_seed_42,42,15.9495,15.700000000000001,16.199,0.02649751084351253,0
long_no_runaway_seed_42,42,15.9995,15.75,16.249,0.027844690412144265,0
long_no_runaway_seed_42,42,16.049500000000002,15.8,16.299,0.06355717871092768,0
long_no_runaway_seed_42,42,16.0995,15.85,16.349,0.0803643005869979,0
long_no_runaway_seed_42,42,16.1495,15.9,16.399,0.06853530508122423,0
long_no_runaway_seed_42,42,16.1995,15.950000000000001,16.449,0.061368557671816204,0
long_no_runaway_seed_42,42,16.249499999999998,16.0,16.499,0.06511371800669971,0
long_no_runaway_seed_42,42,16.299500000000002,16.05,16.549,0.06823569324647455,0
long_no_runaway_seed_42,42,16.3495,16.1,16.599,0.03545741659583568,0
long_no_runaway_seed_42,42,16.3995,16.15,16.649,0.03632524485351841,0
long_no_runaway_seed_42,42,16.4495,16.2,16.699,0.04567507486861431,0
long_no_runaway_seed_42,42,16.499499999999998,16.25,16.749,0.07281113889496478,0
long_no_runaway_seed_42,42,16.549500000000002,16.3,16.799,0.10483155686967562,0
long_no_runaway_seed_42,42,16.5995,16.35,16.849,0.07767085282615806,0
long_no_runaway_seed_42,42,16.6495,16.4,16.899,0.09641487625823002,0
long_no_runaway_seed_42,42,16.6995,16.45,16.949,0.14140345308643062,1
long_no_runaway_seed_42,42,16.749499999999998,16.5,16.999,0.13357625400502837,0
long_no_runaway_seed_42,42,16.799500000000002,16.55,17.049,0.11879773041432533,0
long_no_runaway_seed_42,42,16.8495,16.6,17.099,0.08683209741773622,0
long_no_runaway_seed_42,42,16.8995,16.65,17.149,0.0982757742508521,0
long_no_runaway_seed_42,42,16.9495,16.7,17.199,0.06318028253380062,0
long_no_runaway_seed_42,42,16.999499999999998,16.75,17.249,0.04161690444827771,0
long_no_runaway_seed_42,42,17.049500000000002,16.8,17.299,0.06356945965005831,0
long_no_runaway_seed_42,42,17.0995,16.85,17.349,0.09361223555215745,0
long_no_runaway_seed_42,42,17.1495,16.9,17.399,0.09191553673259273,0
long_no_runaway_seed_42,42,17.1995,16.95,17.449,0.08961217023930051,0
long_no_runaway_seed_42,42,17.249499999999998,17.0,17.499,0.16830924450304285,1
long_no_runaway_seed_42,42,17.299500000000002,17.05,17.549,0.11482040693612616,0
long_no_runaway_seed_42,42,17.3495,17.1,17.599,0.09733964542818148,0
long_no_runaway_seed_42,42,17.399500000000003,17.150000000000002,17.649,0.08414309456946091,0
long_no_runaway_seed_42,42,17.4495,17.2,17.699,0.08401283233204584,0
long_no_runaway_seed_42,42,17.499499999999998,17.25,17.749,0.06045721277678052,0
long_no_runaway_seed_42,42,17.549500000000002,17.3,17.799,0.04022765121005971,0
long_no_runaway_seed_42,42,17.5995,17.35,17.849,0.02171979854498897,0
long_no_runaway_seed_42,42,17.649500000000003,17.400000000000002,17.899,0.04683871056376297,0
long_no_runaway_seed_42,42,17.6995,17.45,17.949,0.0426764152593137,0
long_no_runaway_seed_42,42,17.749499999999998,17.5,17.999,0.06309132105122033,0
long_no_runaway_seed_42,42,17.799500000000002,17.55,18.049,0.04754551088248849,0
long_no_runaway_seed_42,42,17.8495,17.6,18.099,0.04408991509283888,0
long_no_runaway_seed_42,42,17.899500000000003,17.650000000000002,18.149,0.058134453257794864,0
long_no_runaway_seed_42,42,17.9495,17.7,18.199,0.08078451820691919,0
long_no_runaway_seed_42,42,17.999499999999998,17.75,18.249,0.09416692311194744,0
long_no_runaway_seed_42,42,18.049500000000002,17.8,18.299,0.021554077405178812,0
long_no_runaway_seed_42,42,18.0995,17.85,18.349,0.019486347672787348,0
long_no_runaway_seed_42,42,18.149500000000003,17.900000000000002,18.399,0.0176682010295525,0
long_no_runaway_seed_42,42,18.1995,17.95,18.449,0.00869173804589007,0
long_no_runaway_seed_42,42,18.249499999999998,18.0,18.499,0.018837800883168648,0
long_no_runaway_seed_42,42,18.299500000000002,18.05,18.549,0.011587250624388257,0
long_no_runaway_seed_42,42,18.3495,18.1,18.599,0.01977544021642145,0
long_no_runaway_seed_42,42,18.399500000000003,18.150000000000002,18.649,0.02549733975779015,0
long_no_runaway_seed_42,42,18.4495,18.2,18.699,0.05114491337313568,0
long_no_runaway_seed_42,42,18.499499999999998,18.25,18.749,0.11842526109504217,0
long_no_runaway_seed_42,42,18.549500000000002,18.3,18.799,0.17022761698656716,1
long_no_runaway_seed_42,42,18.5995,18.35,18.849,0.1529032040433229,1
long_no_runaway_seed_42,42,18.649500000000003,18.400000000000002,18.899,0.03860119770339861,0
long_no_runaway_seed_42,42,18.6995,18.45,18.949,0.020224143104551492,0
long_no_runaway_seed_42,42,18.749499999999998,18.5,18.999,0.01963300157699405,0
long_no_runaway_seed_42,42,18.799500000000002,18.55,19.049,0.028693890616510745,0
long_no_runaway_seed_42,42,18.8495,18.6,19.099,0.06677061739888634,0
long_no_runaway_seed_42,42,18.899500000000003,18.650000000000002,19.149,0.10694012142175188,0
long_no_runaway_seed_42,42,18.9495,18.7,19.199,0.044580387255532955,0
long_no_runaway_seed_42,42,18.999499999999998,18.75,19.249,0.02864694369413482,0
long_no_runaway_seed_42,42,19.049500000000002,18.8,19.299,0.024046639164252825,0
long_no_runaway_seed_42,42,19.0995,18.85,19.349,0.0072827885808853954,0
long_no_runaway_seed_42,42,19.149500000000003,18.900000000000002,19.399,0.06940325335436301,0
long_no_runaway_seed_42,42,19.1995,18.95,19.449,0.12868087513542192,0
long_no_runaway_seed_42,42,19.249499999999998,19.0,19.499,0.11356892756791986,0
long_no_runaway_seed_42,42,19.299500000000002,19.05,19.549,0.045974678402495514,0
long_no_runaway_seed_42,42,19.3495,19.1,19.599,0.021161005061451944,0
long_no_runaway_seed_42,42,19.399500000000003,19.150000000000002,19.649,0.005974941107280003,0
long_no_runaway_seed_42,42,19.4495,19.2,19.699,0.013904766573384854,0
long_no_runaway_seed_42,42,19.499499999999998,19.25,19.749,0.004094000567133287,0
long_no_runaway_seed_42,42,19.549500000000002,19.3,19.799,0.004383507591271927,0
long_no_runaway_seed_42,42,19.5995,19.35,19.849,0.033499969720230574,0
long_no_runaway_seed_42,42,19.649500000000003,19.400000000000002,19.899,0.13528580851377187,0
long_no_runaway_seed_42,42,19.6995,19.45,19.949,0.2066892324602653,1
long_no_runaway_seed_42,42,19.749499999999998,19.5,19.999,0.13319275058275604,0
long_no_runaway_seed_42,42,19.799500000000002,19.55,20.049,0.09405592125634031,0
long_no_runaway_seed_42,42,19.8495,19.6,20.099,0.05454466722022392,0
long_no_runaway_seed_42,42,19.899500000000003,19.650000000000002,20.149,0.035023318361648965,0
long_no_runaway_seed_42,42,19.9495,19.7,20.199,0.03752230545942552,0
long_no_runaway_seed_42,42,19.999499999999998,19.75,20.249,0.03833049353617958,0
long_no_runaway_seed_42,42,20.049500000000002,19.8,20.299,0.04493622547968101,0
long_no_runaway_seed_42,42,20.0995,19.85,20.349,0.04318580225455913,0
long_no_runaway_seed_42,42,20.149500000000003,19.900000000000002,20.399,0.011915790157879446,0
long_no_runaway_seed_42,42,20.1995,19.95,20.449,0.009815485627997451,0
long_no_runaway_seed_42,42,20.249499999999998,20.0,20.499,0.03686466034388371,0
long_no_runaway_seed_42,42,20.299500000000002,20.05,20.549,0.010504688122254097,0
long_no_runaway_seed_42,42,20.3495,20.1,20.599,0.01982867601962333,0
long_no_runaway_seed_42,42,20.399500000000003,20.150000000000002,20.649,0.03933234848692939,0
long_no_runaway_seed_42,42,20.4495,20.2,20.699,0.042725213371688005,0
long_no_runaway_seed_42,42,20.499499999999998,20.25,20.749,0.06872927157273141,0
long_no_runaway_seed_42,42,20.549500000000002,20.3,20.799,0.09749684922436405,0
long_no_runaway_seed_42,42,20.5995,20.35,20.849,0.06896063239569682,0
long_no_runaway_seed_42,42,20.649500000000003,20.400000000000002,20.899,0.03461805263287868,0
long_no_runaway_seed_42,42,20.6995,20.45,20.949,0.08871982762857825,0
long_no_runaway_seed_42,42,20.749499999999998,20.5,20.999,0.06528274698909406,0
long_no_runaway_seed_42,42,20.799500000000002,20.55,21.049,0.04506654111741213,0
long_no_runaway_seed_42,42,20.8495,20.6,21.099,0.08331594191204962,0
long_no_runaway_seed_42,42,20.899500000000003,20.650000000000002,21.149,0.04884098558214659,0
long_no_runaway_seed_42,42,20.9495,20.7,21.199,0.025588944359520603,0
long_no_runaway_seed_42,42,20.999499999999998,20.75,21.249,0.05882704498128204,0
long_no_runaway_seed_42,42,21.049500000000002,20.8,21.299,0.019671566748658827,0
long_no_runaway_seed_42,42,21.0995,20.85,21.349,0.01163250370115056,0
long_no_runaway_seed_42,42,21.149500000000003,20.900000000000002,21.399,0.020495187187169476,0
long_no_runaway_seed_42,42,21.1995,20.95,21.449,0.022769434621524132,0
long_no_runaway_seed_42,42,21.249499999999998,21.0,21.499,0.008876374667514144,0
long_no_runaway_seed_42,42,21.299500000000002,21.05,21.549,0.022549045858222372,0
long_no_runaway_seed_42,42,21.3495,21.1,21.599,0.018394882657287483,0
long_no_runaway_seed_42,42,21.399500000000003,21.150000000000002,21.649,0.1247176896745535,0
long_no_runaway_seed_42,42,21.4495,21.2,21.699,0.12488247751829144,0
long_no_runaway_seed_42,42,21.499499999999998,21.25,21.749,0.07436227758002753,0
long_no_runaway_seed_42,42,21.549500000000002,21.3,21.799,0.04274425872276147,0
long_no_runaway_seed_42,42,21.5995,21.35,21.849,0.03516623592451214,0
long_no_runaway_seed_42,42,21.649500000000003,21.400000000000002,21.899,0.03618707898217287,0
long_no_runaway_seed_42,42,21.6995,21.45,21.949,0.0381146020734298,0
long_no_runaway_seed_42,42,21.749499999999998,21.5,21.999,0.04858758447014352,0
long_no_runaway_seed_42,42,21.799500000000002,21.55,22.049,0.0776700817217802,0
long_no_runaway_seed_42,42,21.8495,21.6,22.099,0.0704801086969512,0
long_no_runaway_seed_42,42,21.899500000000003,21.650000000000002,22.149,0.02609989941358681,0
long_no_runaway_seed_42,42,21.9495,21.7,22.199,0.012605407132640632,0
long_no_runaway_seed_42,42,21.999499999999998,21.75,22.249,0.019924084972509918,0
long_no_runaway_seed_42,42,22.049500000000002,21.8,22.299,0.04685371319129748,0
long_no_runaway_seed_42,42,22.0995,21.85,22.349,0.022940753106790206,0
long_no_runaway_seed_42,42,22.149500000000003,21.900000000000002,22.399,0.048680025210378085,0
long_no_runaway_seed_42,42,22.1995,21.95,22.449,0.0743261612923116,0
long_no_runaway_seed_42,42,22.249499999999998,22.0,22.499,0.10414582981192887,0
long_no_runaway_seed_42,42,22.299500000000002,22.05,22.549,0.10014123778774751,0
long_no_runaway_seed_42,42,22.3495,22.1,22.599,0.09109960860544603,0
long_no_runaway_seed_42,42,22.399500000000003,22.150000000000002,22.649,0.09452144091467725,0
long_no_runaway_seed_42,42,22.4495,22.2,22.699,0.06249180647650416,0
long_no_runaway_seed_42,42,22.499499999999998,22.25,22.749,0.040071717546366,0
long_no_runaway_seed_42,42,22.549500000000002,22.3,22.799,0.017536887293522662,0
long_no_runaway_seed_42,42,22.5995,22.35,22.849,0.04416387059678746,0
long_no_runaway_seed_42,42,22.649500000000003,22.400000000000002,22.899,0.046584666126172715,0
long_no_runaway_seed_42,42,22.6995,22.45,22.949,0.08743543537509511,0
long_no_runaway_seed_42,42,22.749499999999998,22.5,22.999,0.07664124022870239,0
long_no_runaway_seed_42,42,22.799500000000002,22.55,23.049,0.01662413056312013,0
long_no_runaway_seed_42,42,22.8495,22.6,23.099,0.022126666114753557,0
long_no_runaway_seed_42,42,22.899500000000003,22.650000000000002,23.149,0.011117826600371425,0
long_no_runaway_seed_42,42,22.9495,22.7,23.199,0.006194305097015283,0
long_no_runaway_seed_42,42,22.999499999999998,22.75,23.249,0.0059047980728766415,0
long_no_runaway_seed_42,42,23.049500000000002,22.8,23.299,0.0059047980728766415,0
long_no_runaway_seed_42,42,23.0995,22.85,23.349,0.011376789148018682,0
long_no_runaway_seed_42,42,23.149500000000003,22.900000000000002,23.399,0.022096536118766715,0
long_no_runaway_seed_42,42,23.1995,22.95,23.449,0.016947942396970034,0
long_no_runaway_seed_42,42,23.249499999999998,23.0,23.499,0.01959552321654326,0
long_no_runaway_seed_42,42,23.299500000000002,23.05,23.549,0.008401218119527978,0
long_no_runaway_seed_42,42,23.3495,23.1,23.599,0.008111711095389338,0
long_no_runaway_seed_42,42,23.399500000000003,23.150000000000002,23.649,0.001810797505743354,0
long_no_runaway_seed_42,42,23.4495,23.2,23.699,0.003911102035625349,0
long_no_runaway_seed_42,42,23.499499999999998,23.25,23.749,0.00351977970353777,0
long_no_runaway_seed_42,42,23.549500000000002,23.3,23.799,0.0021854682201284947,0
long_no_runaway_seed_42,42,23.5995,23.35,23.849,0.0039962657258718485,0
long_no_runaway_seed_42,42,23.649500000000003,23.400000000000002,23.899,8.516369024650023e-05,0
long_no_runaway_seed_42,42,23.6995,23.45,23.949,0.004901939033300797,0
long_no_runaway_seed_42,42,23.749499999999998,23.5,23.999,0.006374222096893471,0
long_no_runaway_seed_42,42,23.799500000000002,23.55,24.049,0.03403660164285093,0
long_no_runaway_seed_42,42,23.8495,23.6,24.099,0.016805601711900084,0
long_no_runaway_seed_42,42,23.899500000000003,23.650000000000002,24.149,0.022197948817554145,0
long_no_runaway_seed_42,42,23.9495,23.7,24.199,0.04017561002991825,0
long_no_runaway_seed_42,42,23.999499999999998,23.75,24.249,0.026063770863742845,0
long_no_runaway_seed_42,42,24.049500000000002,23.8,24.299,0.014281056955326695,0
long_no_runaway_seed_42,42,24.0995,23.85,24.349,0.026741522013728192,0
long_no_runaway_seed_42,42,24.149500000000003,23.900000000000002,24.399,0.009975195588341331,0
long_no_runaway_seed_42,42,24.1995,23.95,24.449,0.013973461105435967,0
long_no_runaway_seed_42,42,24.249499999999998,24.0,24.499,0.01437090591048063,0
long_no_runaway_seed_42,42,24.299500000000002,24.05,24.549,0.008911102035625349,0
long_no_runaway_seed_42,42,24.3495,24.1,24.599,0.010721899541368702,0
long_no_runaway_seed_42,42,24.399500000000003,24.150000000000002,24.649,0.02003372182067854,0
long_no_runaway_seed_42,42,24.4495,24.2,24.699,0.014522813131014688,0
long_no_runaway_seed_42,42,24.499499999999998,24.25,24.749,0.008621595011486708,0
long_no_runaway_seed_42,42,24.549500000000002,24.3,24.799,0.011083702170531378,0
long_no_runaway_seed_42,42,24.5995,24.35,24.849,0.006300913589645983,0
long_no_runaway_seed_42,42,24.649500000000003,24.400000000000002,24.899,0.005513475740789062,0
long_no_runaway_seed_42,42,24.6995,24.45,24.949,0.03136829521519129,0
long_no_runaway_seed_42,42,24.749499999999998,24.5,24.999,0.33458441328283073,1
long_no_runaway_seed_42,42,24.799500000000002,24.55,25.049,0.33627876309512866,1
long_no_runaway_seed_42,42,24.8495,24.6,25.099,0.35371426702582504,1
long_no_runaway_seed_42,42,24.899500000000003,24.650000000000002,25.149,0.35497029117260603,1
long_no_runaway_seed_42,42,24.9495,24.7,25.199,0.2969028774112219,1
long_no_runaway_seed_42,42,24.999499999999998,24.75,25.249,0.14052214198812193,0
long_no_runaway_seed_42,42,25.049500000000002,24.8,25.299,0.011524467825791867,0
long_no_runaway_seed_42,42,25.0995,24.85,25.349,0.007651847499527459,0
long_no_runaway_seed_42,42,25.149500000000003,24.900000000000002,25.399,0.04545200881971763,0
long_no_runaway_seed_42,42,25.1995,24.95,25.449,0.05366582275554152,0
long_no_runaway_seed_42,42,25.249499999999998,25.0,25.499,0.010504688122254097,0
long_no_runaway_seed_42,42,25.299500000000002,25.05,25.549,0.00993248350979218,0
long_no_runaway_seed_42,42,25.3495,25.1,25.599,0.009532788039674174,0
long_no_runaway_seed_42,42,25.399500000000003,25.150000000000002,25.649,0.01669857873876484,0
long_no_runaway_seed_42,42,25.4495,25.2,25.699,0.045929739629811,0
long_no_runaway_seed_42,42,25.499499999999998,25.25,25.749,0.06036314626486384,0
long_no_runaway_seed_42,42,25.549500000000002,25.3,25.799,0.05428534580106906,0
long_no_runaway_seed_42,42,25.5995,25.35,25.849,0.031866338222025815,0
long_no_runaway_seed_42,42,25.649500000000003,25.400000000000002,25.899,0.0211346953121264,0
long_no_runaway_seed_42,42,25.6995,25.45,25.949,0.003911102035625349,0
long_no_runaway_seed_42,42,25.749499999999998,25.5,25.999,0.010322204071250698,0
long_no_runaway_seed_42,42,25.799500000000002,25.55,26.049,0.02106930857269307,0
long_no_runaway_seed_42,42,25.8495,25.6,26.099,0.11134230356179396,0
long_no_runaway_seed_42,42,25.899500000000003,25.650000000000002,26.149,0.16878726205565486,1
long_no_runaway_seed_42,42,25.9495,25.7,26.199,0.0959410526714675,0
long_no_runaway_seed_42,42,25.999499999999998,25.75,26.249,0.009646284043604491,0
long_no_runaway_seed_42,42,26.049500000000002,25.8,26.299,0.028297410629359133,0
long_no_runaway_seed_42,42,26.0995,25.85,26.349,0.04103938195445335,0
long_no_runaway_seed_42,42,26.149500000000003,25.900000000000002,26.399,0.01649396148807972,0
long_no_runaway_seed_42,42,26.1995,25.95,26.449,0.012692674826153208,0
long_no_runaway_seed_42,42,26.249499999999998,26.0,26.499,0.004360319020107868,0
long_no_runaway_seed_42,42,26.299500000000002,26.05,26.549,0.009143107600993263,0
long_no_runaway_seed_42,42,26.3495,26.1,26.599,0.022095108736038722,0
long_no_runaway_seed_42,42,26.399500000000003,26.150000000000002,26.649,0.0225675142916853,0
long_no_runaway_seed_42,42,26.4495,26.2,26.699,0.09087482718010813,0
long_no_runaway_seed_42,42,26.4995,26.25,26.749000000000002,0.165018864009025,1
long_no_runaway_seed_42,42,26.549500000000002,26.3,26.799,0.14965672432477845,1
long_no_runaway_seed_42,42,26.5995,26.35,26.849,0.1688330547693551,1
long_no_runaway_seed_42,42,26.649500000000003,26.400000000000002,26.899,0.2288734579137409,1
long_no_runaway_seed_42,42,26.6995,26.45,26.949,0.3577555154356439,1
long_no_runaway_seed_42,42,26.7495,26.5,26.999000000000002,0.4775285443119747,1
long_no_runaway_seed_42,42,26.799500000000002,26.55,27.049,0.358900543502548,1
long_no_runaway_seed_42,42,26.8495,26.6,27.099,0.18738036158913451,1
long_no_runaway_seed_42,42,26.899500000000003,26.650000000000002,27.149,0.13907757540443133,0
long_no_runaway_seed_42,42,26.9495,26.7,27.199,0.18478487262767906,1
long_no_runaway_seed_42,42,26.9995,26.75,27.249000000000002,0.17549999779637804,1
long_no_runaway_seed_42,42,27.049500000000002,26.8,27.299,0.11247449451742156,0
long_no_runaway_seed_42,42,27.0995,26.85,27.349,0.0555297298556152,0
long_no_runaway_seed_42,42,27.149500000000003,26.900000000000002,27.399,0.05443582815185355,0
long_no_runaway_seed_42,42,27.1995,26.95,27.449,0.03505384260311472,0
long_no_runaway_seed_42,42,27.2495,27.0,27.499000000000002,0.008089851812500598,0
long_no_runaway_seed_42,42,27.299500000000002,27.05,27.549,0.010800232378771077,0
long_no_runaway_seed_42,42,27.3495,27.1,27.599,0.030660836285439027,0
long_no_runaway_seed_42,42,27.399500000000003,27.150000000000002,27.649,0.019479104816068408,0
long_no_runaway_seed_42,42,27.4495,27.2,27.699,0.02544773547947661,0
long_no_runaway_seed_42,42,27.4995,27.25,27.749000000000002,0.025500893988108134,0
long_no_runaway_seed_42,42,27.549500000000002,27.3,27.799,0.003790907869244427,0
long_no_runaway_seed_42,42,27.5995,27.35,27.849,0.013404383592372102,0
long_no_runaway_seed_42,42,27.649500000000003,27.400000000000002,27.899,0.016843494552855408,0
long_no_runaway_seed_42,42,27.6995,27.45,27.949,0.005721899541368702,0
long_no_runaway_seed_42,42,27.7495,27.5,27.999000000000002,0.025459947384196293,0
long_no_runaway_seed_42,42,27.799500000000002,27.55,28.049,0.007800344788361958,0
long_no_runaway_seed_42,42,27.8495,27.6,28.099,0.006206758701733209,0
long_no_runaway_seed_42,42,27.899500000000003,27.650000000000002,28.149,0.019705297182018088,0
long_no_runaway_seed_42,42,27.9495,27.7,28.199,0.007012807410613129,0
long_no_runaway_seed_42,42,27.9995,27.75,28.249000000000002,0.009378607111124352,0
long_no_runaway_seed_42,42,28.049500000000002,27.8,28.299,0.014006088967359885,0
long_no_runaway_seed_42,42,28.0995,27.85,28.349,0.006589100086985711,0
long_no_runaway_seed_42,42,28.149500000000003,27.900000000000002,28.399,0.008534097892217844,0
long_no_runaway_seed_42,42,28.1995,27.95,28.449,0.024813214674188924,0
long_no_runaway_seed_42,42,28.2495,28.0,28.499000000000002,0.07559851741002707,0
long_no_runaway_seed_42,42,28.299500000000002,28.05,28.549,0.1195386379233538,0
long_no_runaway_seed_42,42,28.3495,28.1,28.599,0.12405773712386405,0
long_no_runaway_seed_42,42,28.399500000000003,28.150000000000002,28.649,0.08108043630140475,0
long_no_runaway_seed_42,42,28.4495,28.2,28.699,0.10914652139315098,0
long_no_runaway_seed_42,42,28.4995,28.25,28.749000000000002,0.10155791404017146,0
long_no_runaway_seed_42,42,28.549500000000002,28.3,28.799,0.07185707671283066,0
long_no_runaway_seed_42,42,28.5995,28.35,28.849,0.059668110293999196,0
long_no_runaway_seed_42,42,28.649500000000003,28.400000000000002,28.899,0.031227612437189283,0
long_no_runaway_seed_42,42,28.6995,28.45,28.949,0.04321754437723929,0
long_no_runaway_seed_42,42,28.7495,28.5,28.999000000000002,0.05406993061322746,0
long_no_runaway_seed_42,42,28.799500000000002,28.55,29.049,0.05263181296201472,0
long_no_runaway_seed_42,42,28.8495,28.6,29.099,0.05265885549027645,0
long_no_runaway_seed_42,42,28.899500000000003,28.650000000000002,29.149,0.07585655337218505,0
long_no_runaway_seed_42,42,28.9495,28.7,29.199,0.08131598841767683,0
long_no_runaway_seed_42,42,28.9995,28.75,29.249000000000002,0.09752129991199286,0
long_no_runaway_seed_42,42,29.049500000000002,28.8,29.299,0.10611965223003761,0
long_no_runaway_seed_42,42,29.0995,28.85,29.349,0.07006564261198114,0
long_no_runaway_seed_42,42,29.149500000000003,28.900000000000002,29.399,0.032940285152683456,0
long_no_runaway_seed_42,42,29.1995,28.95,29.449,0.013724435093002127,0
long_no_runaway_seed_42,42,29.2495,29.0,29.499000000000002,0.0037907429993264434,0
long_no_runaway_seed_42,42,29.299500000000002,29.05,29.549,0.027910231663607784,0
long_no_runaway_seed_42,42,29.3495,29.1,29.599,0.06845857035742771,0
long_no_runaway_seed_42,42,29.399500000000003,29.150000000000002,29.649,0.1041404318420112,0
long_no_runaway_seed_42,42,29.4495,29.2,29.699,0.08287042426188375,0
long_no_runaway_seed_42,42,29.4995,29.25,29.749000000000002,0.06772798562245637,0
long_no_runaway_seed_42,42,29.549500000000002,29.3,29.799,0.04989068645119962,0
long_no_runaway_seed_42,42,29.5995,29.35,29.849,0.05713919903419009,0
long_no_runaway_seed_42,42,29.649500000000003,29.400000000000002,29.899,0.08466151505535904,0
long_no_runaway_seed_42,42,29.6995,29.45,29.949,0.12277693206907721,0
long_no_runaway_seed_42,42,29.7495,29.5,29.999000000000002,0.1278355017774187,0
long_no_runaway_seed_42,42,29.799500000000002,29.55,30.049,0.10158585859274043,0
long_no_runaway_seed_42,42,29.8495,29.6,30.099,0.1352223034908985,0
long_no_runaway_seed_42,42,29.899500000000003,29.650000000000002,30.149,0.12303907839031292,0
long_no_runaway_seed_42,42,29.9495,29.7,30.199,0.12522386955184195,0
long_no_runaway_seed_42,42,29.9995,29.75,30.249000000000002,0.20428668169169412,1
long_no_runaway_seed_42,42,30.049500000000002,29.8,30.299,0.1481390554878072,1
long_no_runaway_seed_42,42,30.0995,29.85,30.349,0.0465465301328676,0
long_no_runaway_seed_42,42,30.149500000000003,29.900000000000002,30.399,0.027004229286765772,0
long_no_runaway_seed_42,42,30.1995,29.95,30.449,0.010862835066186134,0
long_no_runaway_seed_42,42,30.2495,30.0,30.499000000000002,0.009718165267240552,0
long_no_runaway_seed_42,42,30.299500000000002,30.05,30.549,0.010982716429774476,0
long_no_runaway_seed_42,42,30.3495,30.1,30.599,0.0021003045298819945,0
long_no_runaway_seed_42,42,30.399500000000003,30.150000000000002,30.649,0.003911102035625349,0
long_no_runaway_seed_42,42,30.4495,30.2,30.699,0.024164187846039166,0
long_no_runaway_seed_42,42,30.4995,30.25,30.749000000000002,0.1467422316401197,1
long_no_runaway_seed_42,42,30.549500000000002,30.3,30.799,0.30746337467302043,1
long_no_runaway_seed_42,42,30.5995,30.35,30.849,0.4369081179725569,1
long_no_runaway_seed_42,42,30.649500000000003,30.400000000000002,30.899,0.37890338684788427,1
long_no_runaway_seed_42,42,30.6995,30.45,30.949,0.16411577053462967,1
long_no_runaway_seed_42,42,30.7495,30.5,30.999000000000002,0.05686053948991139,0
long_no_runaway_seed_42,42,30.799500000000002,30.55,31.049,0.029475874286147126,0
long_no_runaway_seed_42,42,30.8495,30.6,31.099,0.008584116651035917,0
long_no_runaway_seed_42,42,30.899500000000003,30.650000000000002,31.149,0.02067767123817288,0
long_no_runaway_seed_42,42,30.9495,30.7,31.199,0.03949575805428267,0
long_no_runaway_seed_42,42,30.9995,30.75,31.249000000000002,0.08401809421200636,0
long_no_runaway_seed_42,42,31.049500000000002,30.8,31.299,0.044405730529026195,0
long_no_runaway_seed_42,42,31.0995,30.85,31.349,0.032360726156289474,0
long_no_runaway_seed_42,42,31.149500000000003,30.900000000000002,31.399,0.027102781027417918,0
long_no_runaway_seed_42,42,31.1995,30.95,31.449,0.09934713729971317,0
long_no_runaway_seed_42,42,31.2495,31.0,31.499000000000002,0.156757720373066,1
long_no_runaway_seed_42,42,31.299500000000002,31.05,31.549,0.33162515951373805,1
long_no_runaway_seed_42,42,31.3495,31.1,31.599,0.34977803785793965,1
long_no_runaway_seed_42,42,31.399500000000003,31.150000000000002,31.649,0.328222580533521,1
long_no_runaway_seed_42,42,31.4495,31.2,31.699,0.1663030591493164,1
long_no_runaway_seed_42,42,31.4995,31.25,31.749000000000002,0.04512514554094094,0
long_no_runaway_seed_42,42,31.549500000000002,31.3,31.799,0.03169729371053237,0
long_no_runaway_seed_42,42,31.5995,31.35,31.849,0.022854901118362757,0
long_no_runaway_seed_42,42,31.649500000000003,31.400000000000002,31.899,0.022790348462673707,0
long_no_runaway_seed_42,42,31.6995,31.45,31.949,0.0348309989631643,0
long_no_runaway_seed_42,42,31.7495,31.5,31.999000000000002,0.015393197855224663,0
long_no_runaway_seed_42,42,31.799500000000002,31.55,32.049,0.060579186308021074,0
long_no_runaway_seed_42,42,31.849500000000003,31.6,32.099000000000004,0.08415870558693264,0
long_no_runaway_seed_42,42,31.899500000000003,31.650000000000002,32.149,0.2619647467882582,1
long_no_runaway_seed_42,42,31.9495,31.7,32.199,0.3485027048542695,1
long_no_runaway_seed_42,42,31.9995,31.75,32.249,0.42730205560437673,1
long_no_runaway_seed_42,42,32.0495,31.8,32.299,0.4447218110705715,1
long_no_runaway_seed_42,42,32.099500000000006,31.85,32.349000000000004,0.4655916514382926,1
long_no_runaway_seed_42,42,32.1495,31.900000000000002,32.399,0.4062470769404761,1
long_no_runaway_seed_42,42,32.1995,31.95,32.449,0.32387478654580293,1
long_no_runaway_seed_42,42,32.2495,32.0,32.499,0.34669116872636296,1
long_no_runaway_seed_42,42,32.299499999999995,32.05,32.549,0.30348544230076757,1
long_no_runaway_seed_42,42,32.349500000000006,32.1,32.599000000000004,0.18741459511271255,1
long_no_runaway_seed_42,42,32.3995,32.15,32.649,0.0781752402308421,0
long_no_runaway_seed_42,42,32.4495,32.2,32.699,0.04438324497822455,0
long_no_runaway_seed_42,42,32.4995,32.25,32.749,0.03960685433479349,0
long_no_runaway_seed_42,42,32.549499999999995,32.3,32.799,0.05401223243333606,0
long_no_runaway_seed_42,42,32.599500000000006,32.35,32.849000000000004,0.04560665179528026,0
long_no_runaway_seed_42,42,32.6495,32.4,32.899,0.03255241294734186,0
long_no_runaway_seed_42,42,32.6995,32.45,32.949,0.007602840081515418,0
long_no_runaway_seed_42,42,32.7495,32.5,32.999,0.009413637587258774,0
long_no_runaway_seed_42,42,32.799499999999995,32.55,33.049,0.010585395004087799,0
long_no_runaway_seed_42,42,32.849500000000006,32.6,33.099000000000004,0.01828478862211511,0
long_no_runaway_seed_42,42,32.8995,32.65,33.149,0.03904389549089031,0
long_no_runaway_seed_42,42,32.9495,32.7,33.199,0.053492596301584205,0
long_no_runaway_seed_42,42,32.9995,32.75,33.249,0.053474668102530806,0
long_no_runaway_seed_42,42,33.049499999999995,32.8,33.299,0.12380493982446543,0
long_no_runaway_seed_42,42,33.099500000000006,32.85,33.349000000000004,0.12284389640842516,0
long_no_runaway_seed_42,42,33.1495,32.9,33.399,0.14960091291347916,1
long_no_runaway_seed_42,42,33.1995,32.95,33.449,0.18434689139430238,1
long_no_runaway_seed_42,42,33.2495,33.0,33.499,0.0639398501222791,0
long_no_runaway_seed_42,42,33.299499999999995,33.05,33.549,0.07114809071732282,0
long_no_runaway_seed_42,42,33.349500000000006,33.1,33.599000000000004,0.04214539349774671,0
long_no_runaway_seed_42,42,33.3995,33.15,33.649,0.016419475173655777,0
long_no_runaway_seed_42,42,33.4495,33.2,33.699,0.03230811035085917,0
long_no_runaway_seed_42,42,33.4995,33.25,33.749,0.06660952824499924,0
long_no_runaway_seed_42,42,33.549499999999995,33.3,33.799,0.04538509315199711,0
long_no_runaway_seed_42,42,33.599500000000006,33.35,33.849000000000004,0.0936896991122102,0
long_no_runaway_seed_42,42,33.6495,33.4,33.899,0.07781597489116023,0
long_no_runaway_seed_42,42,33.6995,33.45,33.949,0.10720744113995805,0
long_no_runaway_seed_42,42,33.7495,33.5,33.999,0.07859640997590167,0
long_no_runaway_seed_42,42,33.799499999999995,33.55,34.049,0.12596523373943866,0
long_no_runaway_seed_42,42,33.849500000000006,33.6,34.099000000000004,0.1131590082780537,0
long_no_runaway_seed_42,42,33.8995,33.65,34.149,0.12432436425504845,0
long_no_runaway_seed_42,42,33.9495,33.7,34.199,0.055903309818840084,0
long_no_runaway_seed_42,42,33.9995,33.75,34.249,0.024705297182018093,0
long_no_runaway_seed_42,42,34.049499999999995,33.8,34.299,0.02413149079892711,0
long_no_runaway_seed_42,42,34.099500000000006,33.85,34.349000000000004,0.047124188940090385,0
long_no_runaway_seed_42,42,34.1495,33.9,34.399,0.03711188060240853,0
long_no_runaway_seed_42,42,34.1995,33.95,34.449,0.0021003045298819945,0
long_no_runaway_seed_42,42,34.2495,34.0,34.499,0.02423433088044253,0
long_no_runaway_seed_42,42,34.299499999999995,34.05,34.549,0.020075511087990428,0
long_no_runaway_seed_42,42,34.349500000000006,34.1,34.599000000000004,0.05646388309138619,0
long_no_runaway_seed_42,42,34.3995,34.15,34.649,0.047573603016612814,0
long_no_runaway_seed_42,42,34.4495,34.2,34.699,0.036619623067457814,0
long_no_runaway_seed_42,42,34.4995,34.25,34.749,0.03976752580339808,0
long_no_runaway_seed_42,42,34.5495,34.300000000000004,34.799,0.03999831350917717,0
long_no_runaway_seed_42,42,34.599500000000006,34.35,34.849000000000004,0.10405127378230285,0
long_no_runaway_seed_42,42,34.6495,34.4,34.899,0.19447812035910833,1
long_no_runaway_seed_42,42,34.6995,34.45,34.949,0.26198930751890126,1
long_no_runaway_seed_42,42,34.7495,34.5,34.999,0.24367084045381024,1
long_no_runaway_seed_42,42,34.7995,34.550000000000004,35.049,0.22823161041325568,1
long_no_runaway_seed_42,42,34.849500000000006,34.6,35.099000000000004,0.10588449842439171,0
long_no_runaway_seed_42,42,34.8995,34.65,35.149,0.06283465163618232,0
long_no_runaway_seed_42,42,34.9495,34.7,35.199,0.024442782148247414,0
long_no_runaway_seed_42,42,34.9995,34.75,35.249,0.0183440593218729,0
long_no_runaway_seed_42,42,35.0495,34.800000000000004,35.299,0.007841523770239476,0
long_no_runaway_seed_42,42,35.099500000000006,34.85,35.349000000000004,0.007365648033339769,0
long_no_runaway_seed_42,42,35.1495,34.9,35.399,0.004383093110767389,0
long_no_runaway_seed_42,42,35.1995,34.95,35.449,0.013083020959656471,0
long_no_runaway_seed_42,42,35.2495,35.0,35.499,0.004093586086628749,0
long_no_runaway_seed_42,42,35.2995,35.050000000000004,35.549,0.00688309311076739,0
long_no_runaway_seed_42,42,35.349500000000006,35.1,35.599000000000004,0.027763240255109616,0
long_no_runaway_seed_42,42,35.3995,35.15,35.649,0.043160905404228476,0
long_no_runaway_seed_42,42,35.4495,35.2,35.699,0.12309226090972997,0
long_no_runaway_seed_42,42,35.4995,35.25,35.749,0.08995203565884839,0
long_no_runaway_seed_42,42,35.5495,35.300000000000004,35.799,0.05632103412308405,0
long_no_runaway_seed_42,42,35.599500000000006,35.35,35.849000000000004,0.020318021179630875,0
long_no_runaway_seed_42,42,35.6495,35.4,35.899,0.03416000495441935,0
long_no_runaway_seed_42,42,35.6995,35.45,35.949,0.03161995954284335,0
long_no_runaway_seed_42,42,35.7495,35.5,35.999,0.04344939952614366,0
long_no_runaway_seed_42,42,35.7995,35.550000000000004,36.049,0.05120417918217109,0
long_no_runaway_seed_42,42,35.849500000000006,35.6,36.099000000000004,0.07134706467526251,0
long_no_runaway_seed_42,42,35.8995,35.65,36.149,0.08854934278037599,0
long_no_runaway_seed_42,42,35.9495,35.7,36.199,0.1344741637843165,0
long_no_runaway_seed_42,42,35.9995,35.75,36.249,0.055411008809344846,0
long_no_runaway_seed_42,42,36.0495,35.800000000000004,36.299,0.01760122424102081,0
long_no_runaway_seed_42,42,36.099500000000006,35.85,36.349000000000004,0.04136802075561754,0
long_no_runaway_seed_42,42,36.1495,35.9,36.399,0.17641359625385372,1
long_no_runaway_seed_42,42,36.1995,35.95,36.449,0.2755089188601003,1
long_no_runaway_seed_42,42,36.2495,36.0,36.499,0.20150419692253557,1
long_no_runaway_seed_42,42,36.2995,36.050000000000004,36.549,0.12596925971301595,0
long_no_runaway_seed_42,42,36.349500000000006,36.1,36.599000000000004,0.07831231771419846,0
long_no_runaway_seed_42,42,36.3995,36.15,36.649,0.03420935360005231,0
long_no_runaway_seed_42,42,36.4495,36.2,36.699,0.007585547640974679,0
long_no_runaway_seed_42,42,36.4995,36.25,36.749,0.0001828985315079383,0
long_no_runaway_seed_42,42,36.5495,36.300000000000004,36.799,0.002465687112393333,0
long_no_runaway_seed_42,42,36.599500000000006,36.35,36.849000000000004,0.004451177985357069,0
long_no_runaway_seed_42,42,36.6495,36.4,36.899,0.01361207384137646,0
long_no_runaway_seed_42,42,36.6995,36.45,36.949,0.03013412389047955,0
long_no_runaway_seed_42,42,36.7495,36.5,36.999,0.02959208773529159,0
long_no_runaway_seed_42,42,36.7995,36.550000000000004,37.049,0.06422508931228564,0
long_no_runaway_seed_42,42,36.849500000000006,36.6,37.099000000000004,0.15285050415913096,1
long_no_runaway_seed_42,42,36.8995,36.65,37.149,0.24347352215689802,1
long_no_runaway_seed_42,42,36.9495,36.7,37.199,0.24030313192610908,1
long_no_runaway_seed_42,42,36.9995,36.75,37.249,0.07672779981449877,0
long_no_runaway_seed_42,42,37.0495,36.800000000000004,37.299,0.021942893393048526,0
long_no_runaway_seed_42,42,37.099500000000006,36.85,37.349000000000004,0.011553716276790839,0
long_no_runaway_seed_42,42,37.1495,36.9,37.399,0.02440646482453292,0
long_no_runaway_seed_42,42,37.1995,36.95,37.449,0.0223095646462615,0
long_no_runaway_seed_42,42,37.2495,37.0,37.499,0.0614021864318457,0
long_no_runaway_seed_42,42,37.2995,37.050000000000004,37.549,0.03498449082907959,0
long_no_runaway_seed_42,42,37.349500000000006,37.1,37.599000000000004,0.05633608261774173,0
long_no_runaway_seed_42,42,37.3995,37.15,37.649,0.045348687905743784,0
long_no_runaway_seed_42,42,37.4495,37.2,37.699,0.057340834310645565,0
long_no_runaway_seed_42,42,37.4995,37.25,37.749,0.06237206708531791,0
long_no_runaway_seed_42,42,37.5495,37.300000000000004,37.799,0.1454788477356685,1
long_no_runaway_seed_42,42,37.599500000000006,37.35,37.849000000000004,0.04583569891782527,0
long_no_runaway_seed_42,42,37.6495,37.4,37.899,0.047378727151600894,0
long_no_runaway_seed_42,42,37.6995,37.45,37.949,0.11026972362175606,0
long_no_runaway_seed_42,42,37.7495,37.5,37.999,0.03587991432345523,0
long_no_runaway_seed_42,42,37.7995,37.550000000000004,38.049,0.0516544239294003,0
long_no_runaway_seed_42,42,37.849500000000006,37.6,38.099000000000004,0.13825571141888196,0
long_no_runaway_seed_42,42,37.8995,37.65,38.149,0.2044719324405081,1
long_no_runaway_seed_42,42,37.9495,37.7,38.199,0.22081464772501425,1
long_no_runaway_seed_42,42,37.9995,37.75,38.249,0.20075017693799108,1
long_no_runaway_seed_42,42,38.0495,37.800000000000004,38.299,0.12815395752274597,0
long_no_runaway_seed_42,42,38.099500000000006,37.85,38.349000000000004,0.1350335070614365,0
long_no_runaway_seed_42,42,38.1495,37.9,38.399,0.20786650703205758,1
long_no_runaway_seed_42,42,38.1995,37.95,38.449,0.2843921471761557,1
long_no_runaway_seed_42,42,38.2495,38.0,38.499,0.37848675050814284,1
long_no_runaway_seed_42,42,38.2995,38.050000000000004,38.549,0.3959596309631148,1
long_no_runaway_seed_42,42,38.349500000000006,38.1,38.599000000000004,0.446247827939712,1
long_no_runaway_seed_42,42,38.3995,38.15,38.649,0.4249124435319842,1
long_no_runaway_seed_42,42,38.4495,38.2,38.699,0.17877725212628945,1
long_no_runaway_seed_42,42,38.4995,38.25,38.749,0.12935962313885255,0
long_no_runaway_seed_42,42,38.5495,38.300000000000004,38.799,0.014459437474073265,0
long_no_runaway_seed_42,42,38.599500000000006,38.35,38.849000000000004,0.015394499676274731,0
long_no_runaway_seed_42,42,38.6495,38.4,38.899,0.010215181098115457,0
long_no_runaway_seed_42,42,38.6995,38.45,38.949,0.010904383592372105,0
long_no_runaway_seed_42,42,38.7495,38.5,38.999,0.017539039864143336,0
long_no_runaway_seed_42,42,38.7995,38.550000000000004,39.049,0.03326196417907852,0
long_no_runaway_seed_42,42,38.849500000000006,38.6,39.099000000000004,0.0625882460443255,0
long_no_runaway_seed_42,42,38.8995,38.65,39.149,0.05093886093725772,0
long_no_runaway_seed_42,42,38.9495,38.7,39.199,0.07328698313705882,0
long_no_runaway_seed_42,42,38.9995,38.75,39.249,0.05197554160459627,0
long_no_runaway_seed_42,42,39.0495,38.800000000000004,39.299,0.037013407532877254,0
long_no_runaway_seed_42,42,39.099500000000006,38.85,39.349000000000004,0.015618053912420615,0
long_no_runaway_seed_42,42,39.1495,38.9,39.399,0.010394499676274734,0
long_no_runaway_seed_42,42,39.1995,38.95,39.449,0.04132638452191562,0
long_no_runaway_seed_42,42,39.2495,39.0,39.499,0.050237486557540977,0
long_no_runaway_seed_42,42,39.2995,39.050000000000004,39.549,0.04114390047091223,0
long_no_runaway_seed_42,42,39.349500000000006,39.1,39.599000000000004,0.023407599075338497,0
long_no_runaway_seed_42,42,39.3995,39.15,39.649,0.04284420313759444,0
long_no_runaway_seed_42,42,39.4495,39.2,39.699,0.010215181098115457,0
long_no_runaway_seed_42,42,39.4995,39.25,39.749,0.01669642616814417,0
long_no_runaway_seed_42,42,39.5495,39.300000000000004,39.799,0.006191738045890071,0
long_no_runaway_seed_42,42,39.599500000000006,39.35,39.849000000000004,0.005293697270549247,0
long_no_runaway_seed_42,42,39.6495,39.4,39.899,0.008693890616510744,0
long_no_runaway_seed_42,42,39.6995,39.45,39.949,0.0046003045298819946,0
long_no_runaway_seed_42,42,39.7495,39.5,39.999,0.006411102035625349,0
long_no_runaway_seed_42,42,39.7995,39.550000000000004,40.049,0.010904383592372103,0
long_no_runaway_seed_42,42,39.849500000000006,39.6,40.099000000000004,0.015326394317661302,0
long_no_runaway_seed_42,42,39.8995,39.65,40.149,0.026900048171361327,0
long_no_runaway_seed_42,42,39.9495,39.7,40.199,0.0237404385146151,0
long_no_runaway_seed_42,42,39.9995,39.75,40.249,0.02307539954103932,0
long_no_runaway_seed_42,42,40.0495,39.800000000000004,40.299,0.00011915045241540175,0
long_no_runaway_seed_42,42,40.099500000000006,39.85,40.349000000000004,0.006191738045890071,0
long_no_runaway_seed_42,42,40.1495,39.9,40.399,0.027746750348173324,0
long_no_runaway_seed_42,42,40.1995,39.95,40.449,0.0256380726802609,0
long_no_runaway_seed_42,42,40.2495,40.0,40.499,0.015714551176904755,0
long_no_runaway_seed_42,42,40.2995,40.050000000000004,40.549,0.008347045740255361,0
long_no_runaway_seed_42,42,40.349500000000006,40.1,40.599000000000004,0.004094000567133287,0
long_no_runaway_seed_42,42,40.3995,40.15,40.649,0.019521822451266706,0
long_no_runaway_seed_42,42,40.4495,40.2,40.699,0.10434890440043786,0
long_no_runaway_seed_42,42,40.4995,40.25,40.749,0.2649473292117595,1
long_no_runaway_seed_42,42,40.5495,40.300000000000004,40.799,0.2575058949604793,1
long_no_runaway_seed_42,42,40.599500000000006,40.35,40.849000000000004,0.2646194789074841,1
long_no_runaway_seed_42,42,40.6495,40.4,40.899,0.26724996498478537,1
long_no_runaway_seed_42,42,40.6995,40.45,40.949,0.28332983190133104,1
long_no_runaway_seed_42,42,40.7495,40.5,40.999,0.3427006122432894,1
long_no_runaway_seed_42,42,40.7995,40.550000000000004,41.049,0.34662640776483256,1
long_no_runaway_seed_42,42,40.849500000000006,40.6,41.099000000000004,0.21390782802092276,1
long_no_runaway_seed_42,42,40.8995,40.65,41.149,0.07213037458797007,0
long_no_runaway_seed_42,42,40.9495,40.7,41.199,0.06292619117595413,0
long_no_runaway_seed_42,42,40.9995,40.75,41.249,0.07390831863679435,0
long_no_runaway_seed_42,42,41.0495,40.800000000000004,41.299,0.06974312524332253,0
long_no_runaway_seed_42,42,41.099500000000006,40.85,41.349000000000004,0.02330186743777193,0
long_no_runaway_seed_42,42,41.1495,40.9,41.399,0.056687417531015145,0
long_no_runaway_seed_42,42,41.1995,40.95,41.449,0.09246806364879526,0
long_no_runaway_seed_42,42,41.2495,41.0,41.499,0.11646808065725738,0
long_no_runaway_seed_42,42,41.2995,41.050000000000004,41.549,0.36902594731993005,1
long_no_runaway_seed_42,42,41.349500000000006,41.1,41.599000000000004,0.38484819789680796,1
long_no_runaway_seed_42,42,41.3995,41.15,41.649,0.13780058792511043,0
long_no_runaway_seed_42,42,41.4495,41.2,41.699,0.06950628464875906,0
long_no_runaway_seed_42,42,41.4995,41.25,41.749,0.1028871055665838,0
long_no_runaway_seed_42,42,41.5495,41.300000000000004,41.799,0.2167919406341622,1
long_no_runaway_seed_42,42,41.599500000000006,41.35,41.849000000000004,0.20931917352058316,1
long_no_runaway_seed_42,42,41.6495,41.4,41.899,0.10055782231770066,0
long_no_runaway_seed_42,42,41.6995,41.45,41.949,0.12500753985034158,0
long_no_runaway_seed_42,42,41.7495,41.5,41.999,0.09408049510589594,0
long_no_runaway_seed_42,42,41.7995,41.550000000000004,42.049,0.04857330606629258,0
long_no_runaway_seed_42,42,41.849500000000006,41.6,42.099000000000004,0.03328368866387545,0
long_no_runaway_seed_42,42,41.8995,41.65,42.149,0.03777277997421161,0
long_no_runaway_seed_42,42,41.9495,41.7,42.199,0.012135039252783983,0
long_no_runaway_seed_42,42,41.9995,41.75,42.249,0.09252403618592844,0
long_no_runaway_seed_42,42,42.0495,41.800000000000004,42.299,0.10031344912914147,0
long_no_runaway_seed_42,42,42.099500000000006,41.85,42.349000000000004,0.09251143466270817,0
long_no_runaway_seed_42,42,42.1495,41.9,42.399,0.12348297598737931,0
long_no_runaway_seed_42,42,42.1995,41.95,42.449,0.18706519420987608,1
long_no_runaway_seed_42,42,42.2495,42.0,42.499,0.16598250696533207,1
long_no_runaway_seed_42,42,42.2995,42.050000000000004,42.549,0.048794489450732496,0
long_no_runaway_seed_42,42,42.349500000000006,42.1,42.599000000000004,0.12369429508668199,0
long_no_runaway_seed_42,42,42.3995,42.15,42.649,0.01608370217053138,0
long_no_runaway_seed_42,42,42.4495,42.2,42.699,0.006121595011486708,0
long_no_runaway_seed_42,42,42.4995,42.25,42.749,0.011011406565507342,0
long_no_runaway_seed_42,42,42.5495,42.300000000000004,42.799,0.008111711095389338,0
long_no_runaway_seed_42,42,42.599500000000006,42.35,42.849000000000004,0.008294609626897275,0
long_no_runaway_seed_42,42,42.6495,42.4,42.899,0.027238408709634686,0
long_no_runaway_seed_42,42,42.6995,42.45,42.949,0.057044902073820465,0
long_no_runaway_seed_42,42,42.7495,42.5,42.999,0.07616007960469935,0
long_no_runaway_seed_42,42,42.7995,42.550000000000004,43.049,0.16728292051928137,1
long_no_runaway_seed_42,42,42.849500000000006,42.6,43.099000000000004,0.12771220843358708,0
long_no_runaway_seed_42,42,42.8995,42.65,43.149,0.11001000018402231,0
long_no_runaway_seed_42,42,42.9495,42.7,43.199,0.013434928068863488,0
long_no_runaway_seed_42,42,42.9995,42.75,43.249,0.013434928068863488,0
long_no_runaway_seed_42,42,43.0495,42.800000000000004,43.299,0.01701647766877419,0
long_no_runaway_seed_42,42,43.099500000000006,42.85,43.349000000000004,0.01129457812740549,0
long_no_runaway_seed_42,42,43.1495,42.9,43.399,0.009413637587258774,0
long_no_runaway_seed_42,42,43.1995,42.95,43.449,0.00760284008151542,0
long_no_runaway_seed_42,42,43.2495,43.0,43.499,0.011024390802255625,0
long_no_runaway_seed_42,42,43.2995,43.050000000000004,43.549,0.03853601131029341,0
long_no_runaway_seed_42,42,43.349500000000006,43.1,43.599000000000004,0.13112667227138078,0
long_no_runaway_seed_42,42,43.3995,43.15,43.649,0.13141617929551944,0
long_no_runaway_seed_42,42,43.4495,43.2,43.699,0.05900787907813018,0
long_no_runaway_seed_42,42,43.4995,43.25,43.749,0.025393818824621675,0
long_no_runaway_seed_42,42,43.5495,43.300000000000004,43.799,0.00852036857194338,0
long_no_runaway_seed_42,42,43.599500000000006,43.35,43.849000000000004,0.016403753671161404,0
long_no_runaway_seed_42,42,43.6495,43.4,43.899,0.034724130775517704,0
long_no_runaway_seed_42,42,43.6995,43.45,43.949,0.04049166610717672,0
long_no_runaway_seed_42,42,43.7495,43.5,43.999,0.01898661312361578,0
long_no_runaway_seed_42,42,43.7995,43.550000000000004,44.049,0.011383773042100356,0
long_no_runaway_seed_42,42,43.849500000000006,43.6,44.099000000000004,0.0054915169290084154,0
long_no_runaway_seed_42,42,43.8995,43.65,44.149,0.007842390384483491,0
long_no_runaway_seed_42,42,43.9495,43.7,44.199,0.008566594163644319,0
long_no_runaway_seed_42,42,43.9995,43.75,44.249,0.0104413545236661,0
long_no_runaway_seed_42,42,44.0495,43.800000000000004,44.299,0.012943392199456031,0
long_no_runaway_seed_42,42,44.099500000000006,43.85,44.349000000000004,0.007612814990174907,0
long_no_runaway_seed_42,42,44.1495,43.9,44.399,0.008292042575772065,0
long_no_runaway_seed_42,42,44.1995,43.95,44.449,0.0025,0
long_no_runaway_seed_42,42,44.2495,44.0,44.499,0.003911102035625349,0
long_no_runaway_seed_42,42,44.2995,44.050000000000004,44.549,0.014846030104488834,0
long_no_runaway_seed_42,42,44.349500000000006,44.1,44.599000000000004,0.025902577171142145,0
long_no_runaway_seed_42,42,44.3995,44.15,44.649,0.022572446827838738,0
long_no_runaway_seed_42,42,44.4495,44.2,44.699,0.024305601711900084,0
long_no_runaway_seed_42,42,44.4995,44.25,44.749,0.03283496789650487,0
long_no_runaway_seed_42,42,44.5495,44.300000000000004,44.799,0.041929578756700094,0
long_no_runaway_seed_42,42,44.599500000000006,44.35,44.849000000000004,0.046769180498175265,0
long_no_runaway_seed_42,42,44.6495,44.4,44.899,0.022416173138892197,0
long_no_runaway_seed_42,42,44.6995,44.45,44.949,0.01694633463437083,0
long_no_runaway_seed_42,42,44.7495,44.5,44.999,0.032030705766468076,0
long_no_runaway_seed_42,42,44.7995,44.550000000000004,45.049,0.0227383772101429,0
long_no_runaway_seed_42,42,44.849500000000006,44.6,45.099000000000004,0.020857436669996177,0
long_no_runaway_seed_42,42,44.8995,44.65,45.149,0.014846030104488834,0
long_no_runaway_seed_42,42,44.9495,44.7,45.199,0.016656827610232187,0
long_no_runaway_seed_42,42,44.9995,44.75,45.249,0.008511406565507343,0
long_no_runaway_seed_42,42,45.0495,44.800000000000004,45.299,0.017953615082049623,0
long_no_runaway_seed_42,42,45.099500000000006,44.85,45.349000000000004,0.013222823857548173,0
long_no_runaway_seed_42,42,45.1495,44.9,45.399,0.02058665580988011,0
long_no_runaway_seed_42,42,45.1995,44.95,45.449,0.00966043167308598,0
long_no_runaway_seed_42,42,45.2495,45.0,45.499,0.012468584975780682,0
long_no_runaway_seed_42,42,45.2995,45.050000000000004,45.549,0.009596536118766711,0
long_no_runaway_seed_42,42,45.349500000000006,45.1,45.599000000000004,0.018403807393128656,0
long_no_runaway_seed_42,42,45.3995,45.15,45.649,0.03530841978715925,0
long_no_runaway_seed_42,42,45.4495,45.2,45.699,0.031026293668086416,0
long_no_runaway_seed_42,42,45.4995,45.25,45.749,0.03411158640481291,0
long_no_runaway_seed_42,42,45.5495,45.300000000000004,45.799,0.028937463620496914,0
long_no_runaway_seed_42,42,45.599500000000006,45.35,45.849000000000004,0.051612599307036364,0
long_no_runaway_seed_42,42,45.6495,45.4,45.899,0.13359764184671727,0
long_no_runaway_seed_42,42,45.6995,45.45,45.949,0.24023649288145132,1
long_no_runaway_seed_42,42,45.7495,45.5,45.999,0.14231704869126865,1
long_no_runaway_seed_42,42,45.7995,45.550000000000004,46.049,0.09079144119707955,0
long_no_runaway_seed_42,42,45.849500000000006,45.6,46.099000000000004,0.056106412723375694,0
long_no_runaway_seed_42,42,45.8995,45.65,46.149,0.045566308934829436,0
long_no_runaway_seed_42,42,45.9495,45.7,46.199,0.07372415598252965,0
long_no_runaway_seed_42,42,45.9995,45.75,46.249,0.10549098563232347,0
long_no_runaway_seed_42,42,46.0495,45.800000000000004,46.299,0.11881122518102867,0
long_no_runaway_seed_42,42,46.099500000000006,45.85,46.349000000000004,0.042713730931184225,0
long_no_runaway_seed_42,42,46.1495,45.9,46.399,0.004319759512179391,0
long_no_runaway_seed_42,42,46.1995,45.95,46.449,0.01802220280275687,0
long_no_runaway_seed_42,42,46.2495,46.0,46.499,0.01340223102175143,0
long_no_runaway_seed_42,42,46.2995,46.050000000000004,46.549,0.017864152360524826,0
long_no_runaway_seed_42,42,46.349500000000006,46.1,46.599000000000004,0.00340223102175143,0
long_no_runaway_seed_42,42,46.3995,46.15,46.649,0.0,0
long_no_runaway_seed_42,42,46.4495,46.2,46.699,0.0,0
long_no_runaway_seed_42,42,46.4995,46.25,46.749,0.0024360371457215744,0
long_no_runaway_seed_42,42,46.5495,46.300000000000004,46.799,8.516369024650023e-05,0
long_no_runaway_seed_42,42,46.599500000000006,46.35,46.849000000000004,0.01075988225878607,0
long_no_runaway_seed_42,42,46.6495,46.4,46.899,0.07827904446784294,0
long_no_runaway_seed_42,42,46.6995,46.45,46.949,0.10430601298972547,0
long_no_runaway_seed_42,42,46.7495,46.5,46.999,0.11476118238788413,0
long_no_runaway_seed_42,42,46.7995,46.550000000000004,47.049,0.034521857749886496,0
long_no_runaway_seed_42,42,46.849500000000006,46.6,47.099000000000004,0.004383507591271927,0
long_no_runaway_seed_42,42,46.8995,46.65,47.149,0.004093586086628749,0
long_no_runaway_seed_42,42,46.9495,46.7,47.199,0.01709510873603872,0
long_no_runaway_seed_42,42,46.9995,46.75,47.249,0.006496265725871848,0
long_no_runaway_seed_42,42,47.0495,46.800000000000004,47.299,0.023727612437189283,0
long_no_runaway_seed_42,42,47.099500000000006,46.85,47.349000000000004,0.04721293894362093,0
long_no_runaway_seed_42,42,47.1495,46.9,47.399,0.027386087387407873,0
long_no_runaway_seed_42,42,47.1995,46.95,47.449,0.04875408891689159,0
long_no_runaway_seed_42,42,47.2495,47.0,47.499,0.0279208612611463,0
long_no_runaway_seed_42,42,47.2995,47.050000000000004,47.549,0.020053135930474298,0
long_no_runaway_seed_42,42,47.349500000000006,47.1,47.599000000000004,0.016787658758628966,0
long_no_runaway_seed_42,42,47.3995,47.15,47.649,0.004061457423898553,0
long_no_runaway_seed_42,42,47.4495,47.2,47.699,0.00755288336034485,0
long_no_runaway_seed_42,42,47.4995,47.25,47.749,0.008180038212390155,0
long_no_runaway_seed_42,42,47.5495,47.300000000000004,47.799,0.020563514304170295,0
long_no_runaway_seed_42,42,47.599500000000006,47.35,47.849000000000004,0.0069392927484880455,0
long_no_runaway_seed_42,42,47.6495,47.4,47.899,0.007822204071250697,0
long_no_runaway_seed_42,42,47.6995,47.45,47.949,0.01459295616541805,0
long_no_runaway_seed_42,42,47.7495,47.5,47.999,0.0333675536637625,0
long_no_runaway_seed_42,42,47.7995,47.550000000000004,48.049,0.04585685568299418,0
long_no_runaway_seed_42,42,47.849500000000006,47.6,48.099000000000004,0.05832547793118734,0
long_no_runaway_seed_42,42,47.8995,47.65,48.149,0.054617853477849886,0
long_no_runaway_seed_42,42,47.9495,47.7,48.199,0.006121595011486708,0
long_no_runaway_seed_42,42,47.9995,47.75,48.249,8.516369024650023e-05,0
long_no_runaway_seed_42,42,48.0495,47.800000000000004,48.299,0.003911102035625349,0
long_no_runaway_seed_42,42,48.099500000000006,47.85,48.349000000000004,0.008004688122254099,0
long_no_runaway_seed_42,42,48.1495,47.9,48.399,0.028959468934813836,0
long_no_runaway_seed_42,42,48.1995,47.95,48.449,0.022765578318303094,0
long_no_runaway_seed_42,42,48.2495,48.0,48.499,0.012720388763301758,0
long_no_runaway_seed_42,42,48.2995,48.050000000000004,48.549,0.032618489449568105,0
long_no_runaway_seed_42,42,48.349500000000006,48.1,48.599000000000004,0.061917870594058434,0
long_no_runaway_seed_42,42,48.3995,48.15,48.649,0.04500005011517984,0
long_no_runaway_seed_42,42,48.4495,48.2,48.699,0.022395453524400675,0
long_no_runaway_seed_42,42,48.4995,48.25,48.749,0.03821049053490646,0
long_no_runaway_seed_42,42,48.5495,48.300000000000004,48.799,0.011676445539083122,0
long_no_runaway_seed_42,42,48.599500000000006,48.35,48.849000000000004,0.023223630267871623,0
long_no_runaway_seed_42,42,48.6495,48.4,48.899,0.018175613078359194,0
long_no_runaway_seed_42,42,48.6995,48.45,48.949,0.026329427745138224,0
long_no_runaway_seed_42,42,48.7495,48.5,48.999,0.03157990225992431,0
long_no_runaway_seed_42,42,48.7995,48.550000000000004,49.049,0.06404835223600026,0
long_no_runaway_seed_42,42,48.849500000000006,48.6,49.099000000000004,0.06637722797739225,0
long_no_runaway_seed_42,42,48.8995,48.65,49.149,0.055229316874603994,0
long_no_runaway_seed_42,42,48.9495,48.7,49.199,0.020098904881863992,0
long_no_runaway_seed_42,42,48.9995,48.75,49.249,0.0023679522711318956,0
long_no_runaway_seed_42,42,49.0495,48.800000000000004,49.299,0.038721391869779534,0
long_no_runaway_seed_42,42,49.099500000000006,48.85,49.349000000000004,0.04654043046818611,0
long_no_runaway_seed_42,42,49.1495,48.9,49.399,0.05676499760655544,0
long_no_runaway_seed_42,42,49.1995,48.95,49.449,0.022627228119179107,0
long_no_runaway_seed_42,42,49.2495,49.0,49.499,0.055896329266149285,0
long_no_runaway_seed_42,42,49.2995,49.050000000000004,49.549,0.07811025159833476,0
long_no_runaway_seed_42,42,49.349500000000006,49.1,49.599000000000004,0.08790448039072576,0
long_no_runaway_seed_42,42,49.3995,49.15,49.649,0.0971117670314047,0
long_no_runaway_seed_42,42,49.4495,49.2,49.699,0.26827164638542805,1
long_no_runaway_seed_42,42,49.4995,49.25,49.749,0.45054977736987134,1
long_no_runaway_seed_42,42,49.5495,49.300000000000004,49.799,0.5402802629853072,1
long_no_runaway_seed_42,42,49.599500000000006,49.35,49.849000000000004,0.42936131576979863,1
long_no_runaway_seed_42,42,49.6495,49.4,49.899,0.3215683260019283,1
long_no_runaway_seed_42,42,49.6995,49.45,49.949,0.31113345277668425,1
long_no_runaway_seed_42,42,49.7495,49.5,49.999,0.27936905300025205,1
long_no_runaway_seed_42,42,49.7995,49.550000000000004,50.049,0.3085237911090567,1
long_no_runaway_seed_42,42,49.849500000000006,49.6,50.099000000000004,0.07074201727536254,0
long_no_runaway_seed_42,42,49.8995,49.65,50.149,0.022781316842637088,0
long_no_runaway_seed_42,42,49.9495,49.7,50.199,0.004783203061389933,0
long_no_runaway_seed_42,42,49.9995,49.75,50.249,0.01369430509701528,0
long_no_runaway_seed_42,42,50.0495,49.800000000000004,50.299,0.008367918134144763,0
long_no_runaway_seed_42,42,50.099500000000006,49.85,50.349000000000004,0.015358034218047394,0
long_no_runaway_seed_42,42,50.1495,49.9,50.399,0.015576407528034686,0
long_no_runaway_seed_42,42,50.1995,49.95,50.449,0.14379475429435007,1
long_no_runaway_seed_42,42,50.2495,50.0,50.499,0.045641250024448056,0
long_no_runaway_seed_42,42,50.2995,50.050000000000004,50.549,0.016452172220767832,0
long_no_runaway_seed_42,42,50.349500000000006,50.1,50.599000000000004,0.011532840963822295,0
long_no_runaway_seed_42,42,50.3995,50.15,50.649,0.024963578786275177,0
long_no_runaway_seed_42,42,50.4495,50.2,50.699,0.033646943694134825,0
long_no_runaway_seed_42,42,50.4995,50.25,50.749,0.040495309436791006,0
long_no_runaway_seed_42,42,50.5495,50.300000000000004,50.799,0.022922908187276367,0
long_no_runaway_seed_42,42,50.599500000000006,50.35,50.849000000000004,0.05434432727196563,0
long_no_runaway_seed_42,42,50.6495,50.4,50.899,0.009424163295909874,0
long_no_runaway_seed_42,42,50.6995,50.45,50.949,0.014695566247813412,0
long_no_runaway_seed_42,42,50.7495,50.5,50.999,0.006105508380015909,0
long_no_runaway_seed_42,42,50.7995,50.550000000000004,51.049,0.0038044935429946466,0
long_no_runaway_seed_42,42,50.849500000000006,50.6,51.099000000000004,0.002368366751636433,0
long_no_runaway_seed_42,42,50.8995,50.65,51.149,0.002368366751636433,0
long_no_runaway_seed_42,42,50.9495,50.7,51.199,0.0001828985315079383,0
long_no_runaway_seed_42,42,50.9995,50.75,51.249,0.004094000567133288,0
long_no_runaway_seed_42,42,51.0495,50.800000000000004,51.299,0.00846858541001388,0
long_no_runaway_seed_42,42,51.099500000000006,50.85,51.349000000000004,0.03313070408077133,0
long_no_runaway_seed_42,42,51.1495,50.9,51.399,0.013002535551633426,0
long_no_runaway_seed_42,42,51.1995,50.95,51.449,0.01662413056312013,0
long_no_runaway_seed_42,42,51.2495,51.0,51.499,0.049726348078215646,0
long_no_runaway_seed_42,42,51.2995,51.050000000000004,51.549,0.015233226318747864,0
long_no_runaway_seed_42,42,51.349500000000006,51.1,51.599000000000004,0.005881358627862027,0
long_no_runaway_seed_42,42,51.3995,51.15,51.649,0.011011406565507342,0
long_no_runaway_seed_42,42,51.4495,51.2,51.699,0.006411102035625349,0
long_no_runaway_seed_42,42,51.4995,51.25,51.749,0.011011406565507342,0
long_no_runaway_seed_42,42,51.5495,51.300000000000004,51.799,0.0052130285274947855,0
long_no_runaway_seed_42,42,51.599500000000006,51.35,51.849000000000004,0.0027788604127592814,0
long_no_runaway_seed_42,42,51.6495,51.4,51.899,0.00668996244838463,0
long_no_runaway_seed_42,42,51.6995,51.45,51.949,0.009802314434751769,0
long_no_runaway_seed_42,42,51.7495,51.5,51.999,0.012695674442629281,0
long_no_runaway_seed_42,42,51.7995,51.550000000000004,52.049,0.008604240926621204,0
long_no_runaway_seed_42,42,51.849500000000006,51.6,52.099000000000004,0.019326140467989906,0
long_no_runaway_seed_42,42,51.8995,51.65,52.149,0.02080738553801862,0
long_no_runaway_seed_42,42,51.9495,51.7,52.199,0.01634689310336848,0
long_no_runaway_seed_42,42,51.9995,51.75,52.249,0.03311140414610233,0
long_no_runaway_seed_42,42,52.0495,51.800000000000004,52.299,0.017176828520095874,0
long_no_runaway_seed_42,42,52.099500000000006,51.85,52.349000000000004,0.021420883279125308,0
long_no_runaway_seed_42,42,52.1495,51.9,52.399,0.005721899541368703,0
long_no_runaway_seed_42,42,52.1995,51.95,52.449,0.005432392517230062,0
long_no_runaway_seed_42,42,52.2495,52.0,52.499,0.021876191599967468,0
long_no_runaway_seed_42,42,52.2995,52.050000000000004,52.549,0.04224373429396287,0
long_no_runaway_seed_42,42,52.349500000000006,52.1,52.599000000000004,0.08862232535564767,0
long_no_runaway_seed_42,42,52.3995,52.15,52.649,0.030230959965522882,0
long_no_runaway_seed_42,42,52.4495,52.2,52.699,0.016607699289491892,0
long_no_runaway_seed_42,42,52.4995,52.25,52.749,0.006411102035625349,0
long_no_runaway_seed_42,42,52.5495,52.300000000000004,52.799,0.01741832570951287,0
long_no_runaway_seed_42,42,52.599500000000006,52.35,52.849000000000004,0.02006288908074641,0
long_no_runaway_seed_42,42,52.6495,52.4,52.899,0.02005655361850591,0
long_no_runaway_seed_42,42,52.6995,52.45,52.949,0.02975435543486066,0
long_no_runaway_seed_42,42,52.7495,52.5,52.999,0.019416814931445932,0
long_no_runaway_seed_42,42,52.7995,52.550000000000004,53.049,0.020098657189895595,0
long_no_runaway_seed_42,42,52.849500000000006,52.6,53.099000000000004,0.011709294253366634,0
long_no_runaway_seed_42,42,52.8995,52.65,53.149,0.003911102035625349,0
long_no_runaway_seed_42,42,52.9495,52.7,53.199,0.0023508734554750746,0
long_no_runaway_seed_42,42,52.9995,52.75,53.249,0.0016237893163176776,0
long_no_runaway_seed_42,42,53.0495,52.800000000000004,53.299,0.00011915045241540175,0
long_no_runaway_seed_42,42,53.099500000000006,52.85,53.349000000000004,0.001929947958158756,0
long_no_runaway_seed_42,42,53.1495,52.9,53.399,0.011893016067219925,0
long_no_runaway_seed_42,42,53.1995,52.95,53.449,0.01941782783366938,0
long_no_runaway_seed_42,42,53.2495,53.0,53.499,0.011973684810274388,0
long_no_runaway_seed_42,42,53.2995,53.050000000000004,53.549,0.008636389157740018,0
long_no_runaway_seed_42,42,53.349500000000006,53.1,53.599000000000004,0.008089851812500598,0
long_no_runaway_seed_42,42,53.3995,53.15,53.649,0.001944836094465985,0
long_no_runaway_seed_42,42,53.4495,53.2,53.699,0.005347067116217415,0
long_no_runaway_seed_42,42,53.4995,53.25,53.749,0.004383093110767389,0
long_no_runaway_seed_42,42,53.5495,53.300000000000004,53.799,0.02212881868537423,0
long_no_runaway_seed_42,42,53.599500000000006,53.35,53.849000000000004,0.02386947315671422,0
long_no_runaway_seed_42,42,53.6495,53.4,53.899,0.030036186446871428,0
long_no_runaway_seed_42,42,53.6995,53.45,53.949,0.0709099296465038,0
long_no_runaway_seed_42,42,53.7495,53.5,53.999,0.036279498862782186,0
long_no_runaway_seed_42,42,53.7995,53.550000000000004,54.049,0.03713905792876207,0
long_no_runaway_seed_42,42,53.849500000000006,53.6,54.099000000000004,0.034224538245219004,0
long_no_runaway_seed_42,42,53.8995,53.65,54.149,0.055572850845780584,0
long_no_runaway_seed_42,42,53.9495,53.7,54.199,0.04780965991294348,0
long_no_runaway_seed_42,42,53.9995,53.75,54.249,0.029301418820280267,0
long_no_runaway_seed_42,42,54.0495,53.800000000000004,54.299,0.017064266029685183,0
long_no_runaway_seed_42,42,54.099500000000006,53.85,54.349000000000004,0.024642335966829992,0
long_no_runaway_seed_42,42,54.1495,53.9,54.399,0.04456648470372138,0
long_no_runaway_seed_42,42,54.1995,53.95,54.449,0.04408550512835671,0
long_no_runaway_seed_42,42,54.2495,54.0,54.499,0.040720932132715285,0
long_no_runaway_seed_42,42,54.2995,54.050000000000004,54.549,0.0565253232630913,0
long_no_runaway_seed_42,42,54.349500000000006,54.1,54.599000000000004,0.011384145053346005,0
long_no_runaway_seed_42,42,54.3995,54.15,54.649,0.015697095129710036,0
long_no_runaway_seed_42,42,54.4495,54.2,54.699,0.0294938258277362,0
long_no_runaway_seed_42,42,54.4995,54.25,54.749,0.03770119904154887,0
long_no_runaway_seed_42,42,54.5495,54.300000000000004,54.799,0.05006223597617078,0
long_no_runaway_seed_42,42,54.599500000000006,54.35,54.849000000000004,0.05162730790730729,0
long_no_runaway_seed_42,42,54.6495,54.4,54.899,0.03753587439129921,0
long_no_runaway_seed_42,42,54.6995,54.45,54.949,0.05488778123302149,0
long_no_runaway_seed_42,42,54.7495,54.5,54.999,0.021011406565507342,0
long_no_runaway_seed_42,42,54.7995,54.550000000000004,55.049,0.02223584165850947,0
long_no_runaway_seed_42,42,54.849500000000006,54.6,55.099000000000004,0.010432392517230063,0
long_no_runaway_seed_42,42,54.8995,54.65,55.149,0.009525978603858813,0
long_no_runaway_seed_42,42,54.9495,54.7,55.199,0.022564246062144296,0
long_no_runaway_seed_42,42,54.9995,54.75,55.249,0.05864187014991308,0
long_no_runaway_seed_42,42,55.0495,54.800000000000004,55.299,0.06936748617135402,0
long_no_runaway_seed_42,42,55.099500000000006,54.85,55.349000000000004,0.17350456570675965,1
long_no_runaway_seed_42,42,55.1495,54.9,55.399,0.16318422690904036,1
long_no_runaway_seed_42,42,55.1995,54.95,55.449,0.27136997028391074,1
long_no_runaway_seed_42,42,55.2495,55.0,55.499,0.22388039793506248,1
long_no_runaway_seed_42,42,55.2995,55.050000000000004,55.549,0.14996704228277505,1
long_no_runaway_seed_42,42,55.349500000000006,55.1,55.599000000000004,0.10916356944708402,0
long_no_runaway_seed_42,42,55.3995,55.15,55.649,0.07131397166834577,0
long_no_runaway_seed_42,42,55.4495,55.2,55.699,0.08060635038382728,0
long_no_runaway_seed_42,42,55.4995,55.25,55.749,0.05360123088790354,0
long_no_runaway_seed_42,42,55.5495,55.300000000000004,55.799,0.0558303934646072,0
long_no_runaway_seed_42,42,55.599500000000006,55.35,55.849000000000004,0.021761346496029916,0
long_no_runaway_seed_42,42,55.6495,55.4,55.899,0.043392974585909856,0
long_no_runaway_seed_42,42,55.6995,55.45,55.949,0.10901445762170749,0
long_no_runaway_seed_42,42,55.7495,55.5,55.999,0.03155468769824075,0
long_no_runaway_seed_42,42,55.7995,55.550000000000004,56.049,0.018254066970867712,0
long_no_runaway_seed_42,42,55.849500000000006,55.6,56.099000000000004,0.03023788429616898,0
long_no_runaway_seed_42,42,55.8995,55.65,56.149,0.015354901118362756,0
long_no_runaway_seed_42,42,55.9495,55.7,56.199,0.044731692860708154,0
long_no_runaway_seed_42,42,55.9995,55.75,56.249,0.024025766770363423,0
long_no_runaway_seed_42,42,56.0495,55.800000000000004,56.299,0.014668831723790745,0
long_no_runaway_seed_42,42,56.099500000000006,55.85,56.349000000000004,0.004276484618136688,0
long_no_runaway_seed_42,42,56.1495,55.9,56.399,0.01781485570678675,0
long_no_runaway_seed_42,42,56.1995,55.95,56.449,0.1570748752089564,1
long_no_runaway_seed_42,42,56.2495,56.0,56.499,0.2001474353015375,1
long_no_runaway_seed_42,42,56.2995,56.050000000000004,56.549,0.17028475056044695,1
long_no_runaway_seed_42,42,56.349500000000006,56.1,56.599000000000004,0.04525802876010842,0
long_no_runaway_seed_42,42,56.3995,56.15,56.649,0.0059047980728766415,0
long_no_runaway_seed_42,42,56.4495,56.2,56.699,0.003691738045890071,0
long_no_runaway_seed_42,42,56.4995,56.25,56.749,0.004094000567133287,0
long_no_runaway_seed_42,42,56.5495,56.300000000000004,56.799,0.03510954348958166,0
long_no_runaway_seed_42,42,56.599500000000006,56.35,56.849000000000004,0.09098939717489588,0
long_no_runaway_seed_42,42,56.6495,56.4,56.899,0.11579503677974248,0
long_no_runaway_seed_42,42,56.6995,56.45,56.949,0.141533306326178,1
long_no_runaway_seed_42,42,56.7495,56.5,56.999,0.22558019619761974,1
long_no_runaway_seed_42,42,56.7995,56.550000000000004,57.049,0.1810112290734672,1
long_no_runaway_seed_42,42,56.849500000000006,56.6,57.099000000000004,0.2454650013800235,1
long_no_runaway_seed_42,42,56.8995,56.65,57.149,0.1585501395885694,1
long_no_runaway_seed_42,42,56.9495,56.7,57.199,0.20719542074632308,1
long_no_runaway_seed_42,42,56.9995,56.75,57.249,0.12220868192936406,0
long_no_runaway_seed_42,42,57.0495,56.800000000000004,57.299,0.14334150512654037,1
long_no_runaway_seed_42,42,57.099500000000006,56.85,57.349000000000004,0.09789077031598248,0
long_no_runaway_seed_42,42,57.1495,56.9,57.399,0.0369694038242019,0
long_no_runaway_seed_42,42,57.1995,56.95,57.449,0.06138621875564783,0
long_no_runaway_seed_42,42,57.2495,57.0,57.499,0.04481867032697539,0
long_no_runaway_seed_42,42,57.2995,57.050000000000004,57.549,0.07964581345612574,0
long_no_runaway_seed_42,42,57.349500000000006,57.1,57.599000000000004,0.012622050983769164,0
long_no_runaway_seed_42,42,57.3995,57.15,57.649,0.020837303007325156,0
long_no_runaway_seed_42,42,57.4495,57.2,57.699,0.026631498153717893,0
long_no_runaway_seed_42,42,57.4995,57.25,57.749,0.05822448751029512,0
long_no_runaway_seed_42,42,57.5495,57.300000000000004,57.799,0.03946881964262065,0
long_no_runaway_seed_42,42,57.599500000000006,57.35,57.849000000000004,0.0418389870571931,0
long_no_runaway_seed_42,42,57.6495,57.4,57.899,0.060855854311339705,0
long_no_runaway_seed_42,42,57.6995,57.45,57.949,0.019316493089820842,0
long_no_runaway_seed_42,42,57.7495,57.5,57.999,0.06730023020530093,0
long_no_runaway_seed_42,42,57.7995,57.550000000000004,58.049,0.023215564079128205,0
long_no_runaway_seed_42,42,57.849500000000006,57.6,58.099000000000004,0.06476436768534474,0
long_no_runaway_seed_42,42,57.8995,57.65,58.149,0.10272285395719515,0
long_no_runaway_seed_42,42,57.9495,57.7,58.199,0.13216986953495616,0
long_no_runaway_seed_42,42,57.9995,57.75,58.249,0.07846661095586217,0
long_no_runaway_seed_42,42,58.0495,57.800000000000004,58.299,0.047772213925652174,0
long_no_runaway_seed_42,42,58.099500000000006,57.85,58.349000000000004,0.0317364834510632,0
long_no_runaway_seed_42,42,58.1495,57.9,58.399,0.020261458948444243,0
long_no_runaway_seed_42,42,58.1995,57.95,58.449,0.1073502892186821,0
long_no_runaway_seed_42,42,58.2495,58.0,58.499,0.09330847122173436,0
long_no_runaway_seed_42,42,58.2995,58.050000000000004,58.549,0.12943491010472613,0
long_no_runaway_seed_42,42,58.349500000000006,58.1,58.599000000000004,0.12012194770035663,0
long_no_runaway_seed_42,42,58.3995,58.15,58.649,0.043769206334543655,0
long_no_runaway_seed_42,42,58.4495,58.2,58.699,0.06453935401729116,0
long_no_runaway_seed_42,42,58.4995,58.25,58.749,0.03837109844194766,0
long_no_runaway_seed_42,42,58.5495,58.300000000000004,58.799,0.042698454048188415,0
long_no_runaway_seed_42,42,58.599500000000006,58.35,58.849000000000004,0.10162235815459131,0
long_no_runaway_seed_42,42,58.6495,58.4,58.899,0.15368800106123875,1
long_no_runaway_seed_42,42,58.6995,58.45,58.949,0.15864422698758265,1
long_no_runaway_seed_42,42,58.7495,58.5,58.999,0.07740777316668572,0
long_no_runaway_seed_42,42,58.7995,58.550000000000004,59.049,0.056580697638149505,0
long_no_runaway_seed_42,42,58.849500000000006,58.6,59.099000000000004,0.017012807410613128,0
long_no_runaway_seed_42,42,58.8995,58.65,59.149,0.014113111940495122,0
long_no_runaway_seed_42,42,58.9495,58.7,59.199,0.02211564749212855,0
long_no_runaway_seed_42,42,58.9995,58.75,59.249,0.04726598477490685,0
long_no_runaway_seed_42,42,59.0495,58.800000000000004,59.299,0.04017835116950584,0
long_no_runaway_seed_42,42,59.099500000000006,58.85,59.349000000000004,0.033187222183379765,0
long_no_runaway_seed_42,42,59.1495,58.9,59.399,0.02248631617329556,0
long_no_runaway_seed_42,42,59.1995,58.95,59.449,0.006700609059763989,0
long_no_runaway_seed_42,42,59.2495,59.0,59.499,0.014485933192282809,0
long_no_runaway_seed_42,42,59.2995,59.050000000000004,59.549,0.0037813049718305874,0
long_no_runaway_seed_42,42,59.349500000000006,59.1,59.599000000000004,0.005213028527494784,0
long_no_runaway_seed_42,42,59.3995,59.15,59.649,0.003402231021751431,0
long_no_runaway_seed_42,42,59.4495,59.2,59.699,0.0,0
long_no_runaway_seed_42,42,59.4995,59.25,59.749,0.001810797505743354,0
long_no_runaway_seed_42,42,59.5495,59.300000000000004,59.799,0.04735225507152919,0
long_no_runaway_seed_42,42,59.599500000000006,59.35,59.849000000000004,0.04632004905967513,0
long_no_runaway_seed_42,42,59.6495,59.4,59.899,0.012022813131014685,0
long_no_runaway_seed_42,42,59.6995,59.45,59.949,0.01761466473473807,0
long_no_runaway_seed_42,42,59.7495,59.5,59.999,0.026129236773089547,0
