record_type,seed,has_runaway,k,tp_record,fp_record,false_event_count,non_event_hours,latency_ms,n_events
strong_runaway,42,1,1.5,1,0,0,0.0005555555555555556,68.99999999999994,1
strong_runaway,42,1,1.75,1,0,0,0.0005555555555555556,68.99999999999994,1
strong_runaway,42,1,2.0,1,0,0,0.0005555555555555556,79.00000000000018,1
strong_runaway,42,1,2.25,1,0,0,0.0005555555555555556,79.00000000000018,1
strong_runaway,42,1,2.5,1,0,0,0.0005555555555555556,79.00000000000018,1
strong_runaway,42,1,2.75,1,0,0,0.0005555555555555556,79.00000000000018,1
strong_runaway,42,1,3.0,1,0,0,0.0005555555555555556,79.00000000000018,1
strong_runaway,42,1,3.25,1,0,0,0.0005555555555555556,79.00000000000018,1
strong_runaway,42,1,3.5,1,0,0,0.0005555555555555556,79.00000000000018,1
strong_runaway,42,1,3.75,1,0,0,0.0005555555555555556,79.00000000000018,1
strong_runaway,42,1,4.0,1,0,0,0.0005555555555555556,79.00000000000018,1
strong_runaway,42,1,4.25,1,0,0,0.0005555555555555556,79.00000000000018,1
strong_runaway,42,1,4.5,1,0,0,0.0005555555555555556,79.00000000000018,1
strong_runaway,42,1,4.75,1,0,0,0.0005555555555555556,79.00000000000018,1
strong_runaway,42,1,5.0,1,0,0,0.0005555555555555556,79.00000000000018,1
strong_runaway,42,1,5.25,1,0,0,0.0005555555555555556,79.00000000000018,1
strong_runaway,42,1,5.5,1,0,0,0.0005555555555555556,79.00000000000018,1
strong_runaway,42,1,5.75,1,0,0,0.0005555555555555556,79.00000000000018,1
strong_runaway,42,1,6.0,1,0,0,0.0005555555555555556,79.00000000000018,1
strong_runaway,42,1,6.25,1,0,0,0.0005555555555555556,79.00000000000018,1
strong_runaway,42,1,6.5,1,0,0,0.0005555555555555556,79.00000000000018,1
strong_runaway,42,1,6.75,1,0,0,0.0005555555555555556,79.00000000000018,1
strong_runaway,42,1,7.0,1,0,0,0.0005555555555555556,88.99999999999997,1
strong_runaway,42,1,7.25,1,0,0,0.0005555555555555556,88.99999999999997,1
strong_runaway,42,1,7.5,1,0,0,0.0005555555555555556,88.99999999999997,1
strong_runaway,42,1,7.75,1,0,0,0.0005555555555555556,88.99999999999997,1
strong_runaway,42,1,8.0,1,0,0,0.0005555555555555556,88.99999999999997,1
strong_runaway,43,1,1.5,1,1,2,0.0005555555555555556,68.99999999999994,4
strong_runaway,43,1,1.75,1,1,1,0.0005555555555555556,68.99999999999994,3
strong_runaway,43,1,2.0,1,1,1,0.0005555555555555556,68.99999999999994,3
strong_runaway,43,1,2.25,1,0,0,0.0005555555555555556,68.99999999999994,2
strong_runaway,43,1,2.5,1,0,0,0.0005555555555555556,68.99999999999994,2
strong_runaway,43,1,2.75,1,0,0,0.0005555555555555556,68.99999999999994,2
strong_runaway,43,1,3.0,1,0,0,0.0005555555555555556,68.99999999999994,2
strong_runaway,43,1,3.25,1,0,0,0.0005555555555555556,68.99999999999994,2
strong_runaway,43,1,3.5,1,0,0,0.0005555555555555556,79.00000000000018,2
strong_runaway,43,1,3.75,1,0,0,0.0005555555555555556,79.00000000000018,2
strong_runaway,43,1,4.0,1,0,0,0.0005555555555555556,79.00000000000018,1
strong_runaway,43,1,4.25,1,0,0,0.0005555555555555556,79.00000000000018,1
strong_runaway,43,1,4.5,1,0,0,0.0005555555555555556,79.00000000000018,1
strong_runaway,43,1,4.75,1,0,0,0.0005555555555555556,79.00000000000018,1
strong_runaway,43,1,5.0,1,0,0,0.0005555555555555556,79.00000000000018,1
strong_runaway,43,1,5.25,1,0,0,0.0005555555555555556,79.00000000000018,1
strong_runaway,43,1,5.5,1,0,0,0.0005555555555555556,79.00000000000018,1
strong_runaway,43,1,5.75,1,0,0,0.0005555555555555556,79.00000000000018,1
strong_runaway,43,1,6.0,1,0,0,0.0005555555555555556,79.00000000000018,1
strong_runaway,43,1,6.25,1,0,0,0.0005555555555555556,79.00000000000018,1
strong_runaway,43,1,6.5,1,0,0,0.0005555555555555556,88.99999999999997,1
strong_runaway,43,1,6.75,1,0,0,0.0005555555555555556,88.99999999999997,1
strong_runaway,43,1,7.0,1,0,0,0.0005555555555555556,88.99999999999997,1
strong_runaway,43,1,7.25,1,0,0,0.0005555555555555556,88.99999999999997,1
strong_runaway,43,1,7.5,1,0,0,0.0005555555555555556,88.99999999999997,1
strong_runaway,43,1,7.75,1,0,0,0.0005555555555555556,88.99999999999997,1
strong_runaway,43,1,8.0,1,0,0,0.0005555555555555556,88.99999999999997,1
strong_runaway,44,1,1.5,1,1,1,0.0005555555555555556,68.99999999999994,3
strong_runaway,44,1,1.75,1,0,0,0.0005555555555555556,68.99999999999994,1
strong_runaway,44,1,2.0,1,0,0,0.0005555555555555556,68.99999999999994,1
strong_runaway,44,1,2.25,1,0,0,0.0005555555555555556,68.99999999999994,1
strong_runaway,44,1,2.5,1,0,0,0.0005555555555555556,68.99999999999994,1
strong_runaway,44,1,2.75,1,0,0,0.0005555555555555556,79.00000000000018,1
strong_runaway,44,1,3.0,1,0,0,0.0005555555555555556,79.00000000000018,1
strong_runaway,44,1,3.25,1,0,0,0.0005555555555555556,79.00000000000018,1
strong_runaway,44,1,3.5,1,0,0,0.0005555555555555556,79.00000000000018,1
strong_runaway,44,1,3.75,1,0,0,0.0005555555555555556,79.00000000000018,1
strong_runaway,44,1,4.0,1,0,0,0.0005555555555555556,79.00000000000018,1
strong_runaway,44,1,4.25,1,0,0,0.0005555555555555556,79.00000000000018,1
strong_runaway,44,1,4.5,1,0,0,0.0005555555555555556,79.00000000000018,1
strong_runaway,44,1,4.75,1,0,0,0.0005555555555555556,79.00000000000018,1
strong_runaway,44,1,5.0,1,0,0,0.0005555555555555556,79.00000000000018,1
strong_runaway,44,1,5.25,1,0,0,0.0005555555555555556,79.00000000000018,1
strong_runaway,44,1,5.5,1,0,0,0.0005555555555555556,79.00000000000018,1
strong_runaway,44,1,5.75,1,0,0,0.0005555555555555556,79.00000000000018,1
strong_runaway,44,1,6.0,1,0,0,0.0005555555555555556,88.99999999999997,1
strong_runaway,44,1,6.25,1,0,0,0.0005555555555555556,88.99999999999997,1
strong_runaway,44,1,6.5,1,0,0,0.0005555555555555556,88.99999999999997,1
strong_runaway,44,1,6.75,1,0,0,0.0005555555555555556,88.99999999999997,1
strong_runaway,44,1,7.0,1,0,0,0.0005555555555555556,99.0000000000002,1
strong_runaway,44,1,7.25,1,0,0,0.0005555555555555556,99.0000000000002,1
strong_runaway,44,1,7.5,1,0,0,0.0005555555555555556,99.0000000000002,1
strong_runaway,44,1,7.75,1,0,0,0.0005555555555555556,99.0000000000002,1
strong_runaway,44,1,8.0,1,0,0,0.0005555555555555556,99.0000000000002,1
strong_runaway,45,1,1.5,1,1,1,0.0005555555555555556,68.99999999999994,2
strong_runaway,45,1,1.75,1,1,1,0.0005555555555555556,68.99999999999994,2
strong_runaway,45,1,2.0,1,0,0,0.0005555555555555556,68.99999999999994,1
strong_runaway,45,1,2.25,1,0,0,0.0005555555555555556,68.99999999999994,1
strong_runaway,45,1,2.5,1,0,0,0.0005555555555555556,68.99999999999994,1
strong_runaway,45,1,2.75,1,0,0,0.0005555555555555556,68.99999999999994,1
strong_runaway,45,1,3.0,1,0,0,0.0005555555555555556,79.00000000000018,1
strong_runaway,45,1,3.25,1,0,0,0.0005555555555555556,79.00000000000018,1
strong_runaway,45,1,3.5,1,0,0,0.0005555555555555556,79.00000000000018,1
strong_runaway,45,1,3.75,1,0,0,0.0005555555555555556,79.00000000000018,1
strong_runaway,45,1,4.0,1,0,0,0.0005555555555555556,79.00000000000018,1
strong_runaway,45,1,4.25,1,0,0,0.0005555555555555556,79.00000000000018,1
strong_runaway,45,1,4.5,1,0,0,0.0005555555555555556,79.00000000000018,1
strong_runaway,45,1,4.75,1,0,0,0.0005555555555555556,79.00000000000018,1
strong_runaway,45,1,5.0,1,0,0,0.0005555555555555556,79.00000000000018,1
strong_runaway,45,1,5.25,1,0,0,0.0005555555555555556,79.00000000000018,1
strong_runaway,45,1,5.5,1,0,0,0.0005555555555555556,79.00000000000018,1
strong_runaway,45,1,5.75,1,0,0,0.0005555555555555556,79.00000000000018,1
strong_runaway,45,1,6.0,1,0,0,0.0005555555555555556,79.00000000000018,1
strong_runaway,45,1,6.25,1,0,0,0.0005555555555555556,88.99999999999997,1
strong_runaway,45,1,6.5,1,0,0,0.0005555555555555556,88.99999999999997,1
strong_runaway,45,1,6.75,1,0,0,0.0005555555555555556,88.99999999999997,1
strong_runaway,45,1,7.0,1,0,0,0.0005555555555555556,88.99999999999997,1
strong_runaway,45,1,7.25,1,0,0,0.0005555555555555556,88.99999999999997,1
strong_runaway,45,1,7.5,1,0,0,0.0005555555555555556,88.99999999999997,1
strong_runaway,45,1,7.75,1,0,0,0.0005555555555555556,88.99999999999997,1
strong_runaway,45,1,8.0,1,0,0,0.0005555555555555556,88.99999999999997,1
strong_runaway,46,1,1.5,1,1,1,0.0005555555555555556,68.99999999999994,2
strong_runaway,46,1,1.75,1,1,1,0.0005555555555555556,68.99999999999994,2
strong_runaway,46,1,2.0,1,0,0,0.0005555555555555556,68.99999999999994,1
strong_runaway,46,1,2.25,1,0,0,0.0005555555555555556,68.99999999999994,1
strong_runaway,46,1,2.5,1,0,0,0.0005555555555555556,79.00000000000018,1
strong_runaway,46,1,2.75,1,0,0,0.0005555555555555556,79.00000000000018,1
strong_runaway,46,1,3.0,1,0,0,0.0005555555555555556,79.00000000000018,1
strong_runaway,46,1,3.25,1,0,0,0.0005555555555555556,79.00000000000018,1
strong_runaway,46,1,3.5,1,0,0,0.0005555555555555556,79.00000000000018,1
strong_runaway,46,1,3.75,1,0,0,0.0005555555555555556,79.00000000000018,1
strong_runaway,46,1,4.0,1,0,0,0.0005555555555555556,79.00000000000018,1
strong_runaway,46,1,4.25,1,0,0,0.0005555555555555556,79.00000000000018,1
strong_runaway,46,1,4.5,1,0,0,0.0005555555555555556,88.99999999999997,1
strong_runaway,46,1,4.75,1,0,0,0.0005555555555555556,88.99999999999997,1
strong_runaway,46,1,5.0,1,0,0,0.0005555555555555556,88.99999999999997,1
strong_runaway,46,1,5.25,1,0,0,0.0005555555555555556,88.99999999999997,1
strong_runaway,46,1,5.5,1,0,0,0.0005555555555555556,88.99999999999997,1
strong_runaway,46,1,5.75,1,0,0,0.0005555555555555556,99.0000000000002,1
strong_runaway,46,1,6.0,1,0,0,0.0005555555555555556,99.0000000000002,1
strong_runaway,46,1,6.25,1,0,0,0.0005555555555555556,99.0000000000002,1
strong_runaway,46,1,6.5,1,0,0,0.0005555555555555556,99.0000000000002,1
strong_runaway,46,1,6.75,1,0,0,0.0005555555555555556,99.0000000000002,1
strong_runaway,46,1,7.0,1,0,0,0.0005555555555555556,99.0000000000002,1
strong_runaway,46,1,7.25,1,0,0,0.0005555555555555556,99.0000000000002,1
strong_runaway,46,1,7.5,1,0,0,0.0005555555555555556,99.0000000000002,1
strong_runaway,46,1,7.75,1,0,0,0.0005555555555555556,99.0000000000002,1
strong_runaway,46,1,8.0,1,0,0,0.0005555555555555556,99.0000000000002,1
strong_runaway,47,1,1.5,1,1,1,0.0005555555555555556,68.99999999999994,3
strong_runaway,47,1,1.75,1,1,1,0.0005555555555555556,68.99999999999994,3
strong_runaway,47,1,2.0,1,0,0,0.0005555555555555556,68.99999999999994,2
strong_runaway,47,1,2.25,1,0,0,0.0005555555555555556,68.99999999999994,2
strong_runaway,47,1,2.5,1,0,0,0.0005555555555555556,68.99999999999994,2
strong_runaway,47,1,2.75,1,0,0,0.0005555555555555556,68.99999999999994,2
strong_runaway,47,1,3.0,1,0,0,0.0005555555555555556,79.00000000000018,2
strong_runaway,47,1,3.25,1,0,0,0.0005555555555555556,79.00000000000018,2
strong_runaway,47,1,3.5,1,0,0,0.0005555555555555556,79.00000000000018,2
strong_runaway,47,1,3.75,1,0,0,0.0005555555555555556,79.00000000000018,2
strong_runaway,47,1,4.0,1,0,0,0.0005555555555555556,79.00000000000018,2
strong_runaway,47,1,4.25,1,0,0,0.0005555555555555556,79.00000000000018,2
strong_runaway,47,1,4.5,1,0,0,0.0005555555555555556,79.00000000000018,2
strong_runaway,47,1,4.75,1,0,0,0.0005555555555555556,79.00000000000018,2
strong_runaway,47,1,5.0,1,0,0,0.0005555555555555556,79.00000000000018,2
strong_runaway,47,1,5.25,1,0,0,0.0005555555555555556,79.00000000000018,2
strong_runaway,47,1,5.5,1,0,0,0.0005555555555555556,79.00000000000018,2
strong_runaway,47,1,5.75,1,0,0,0.0005555555555555556,79.00000000000018,2
strong_runaway,47,1,6.0,1,0,0,0.0005555555555555556,79.00000000000018,2
strong_runaway,47,1,6.25,1,0,0,0.0005555555555555556,79.00000000000018,2
strong_runaway,47,1,6.5,1,0,0,0.0005555555555555556,79.00000000000018,2
strong_runaway,47,1,6.75,1,0,0,0.0005555555555555556,79.00000000000018,2
strong_runaway,47,1,7.0,1,0,0,0.0005555555555555556,79.00000000000018,2
strong_runaway,47,1,7.25,1,0,0,0.0005555555555555556,88.99999999999997,2
strong_runaway,47,1,7.5,1,0,0,0.0005555555555555556,88.99999999999997,2
strong_runaway,47,1,7.75,1,0,0,0.0005555555555555556,88.99999999999997,2
strong_runaway,47,1,8.0,1,0,0,0.0005555555555555556,88.99999999999997,2
strong_runaway,48,1,1.5,1,1,1,0.0005555555555555556,68.99999999999994,2
strong_runaway,48,1,1.75,1,1,1,0.0005555555555555556,68.99999999999994,2
strong_runaway,48,1,2.0,1,1,1,0.0005555555555555556,68.99999999999994,2
strong_runaway,48,1,2.25,1,1,1,0.0005555555555555556,68.99999999999994,2
strong_runaway,48,1,2.5,1,0,0,0.0005555555555555556,68.99999999999994,1
strong_runaway,48,1,2.75,1,0,0,0.0005555555555555556,68.99999999999994,1
strong_runaway,48,1,3.0,1,0,0,0.0005555555555555556,68.99999999999994,1
strong_runaway,48,1,3.25,1,0,0,0.0005555555555555556,68.99999999999994,1
strong_runaway,48,1,3.5,1,0,0,0.0005555555555555556,68.99999999999994,1
strong_runaway,48,1,3.75,1,0,0,0.0005555555555555556,68.99999999999994,1
strong_runaway,48,1,4.0,1,0,0,0.0005555555555555556,68.99999999999994,1
strong_runaway,48,1,4.25,1,0,0,0.0005555555555555556,79.00000000000018,1
strong_runaway,48,1,4.5,1,0,0,0.0005555555555555556,79.00000000000018,1
strong_runaway,48,1,4.75,1,0,0,0.0005555555555555556,79.00000000000018,1
strong_runaway,48,1,5.0,1,0,0,0.0005555555555555556,79.00000000000018,1
strong_runaway,48,1,5.25,1,0,0,0.0005555555555555556,79.00000000000018,1
strong_runaway,48,1,5.5,1,0,0,0.0005555555555555556,79.00000000000018,1
strong_runaway,48,1,5.75,1,0,0,0.0005555555555555556,79.00000000000018,1
strong_runaway,48,1,6.0,1,0,0,0.0005555555555555556,79.00000000000018,1
strong_runaway,48,1,6.25,1,0,0,0.0005555555555555556,79.00000000000018,1
strong_runaway,48,1,6.5,1,0,0,0.0005555555555555556,79.00000000000018,1
strong_runaway,48,1,6.75,1,0,0,0.0005555555555555556,79.00000000000018,1
strong_runaway,48,1,7.0,1,0,0,0.0005555555555555556,88.99999999999997,3
strong_runaway,48,1,7.25,1,0,0,0.0005555555555555556,88.99999999999997,3
strong_runaway,48,1,7.5,1,0,0,0.0005555555555555556,88.99999999999997,3
strong_runaway,48,1,7.75,1,0,0,0.0005555555555555556,88.99999999999997,3
strong_runaway,48,1,8.0,1,0,0,0.0005555555555555556,88.99999999999997,3
strong_runaway,49,1,1.5,1,1,1,0.0005555555555555556,68.99999999999994,3
strong_runaway,49,1,1.75,1,1,1,0.0005555555555555556,68.99999999999994,3
strong_runaway,49,1,2.0,1,1,1,0.0005555555555555556,68.99999999999994,3
strong_runaway,49,1,2.25,1,1,1,0.0005555555555555556,68.99999999999994,2
strong_runaway,49,1,2.5,1,0,0,0.0005555555555555556,68.99999999999994,1
strong_runaway,49,1,2.75,1,0,0,0.0005555555555555556,68.99999999999994,1
strong_runaway,49,1,3.0,1,0,0,0.0005555555555555556,68.99999999999994,1
strong_runaway,49,1,3.25,1,0,0,0.0005555555555555556,68.99999999999994,1
strong_runaway,49,1,3.5,1,0,0,0.0005555555555555556,68.99999999999994,1
strong_runaway,49,1,3.75,1,0,0,0.0005555555555555556,68.99999999999994,1
strong_runaway,49,1,4.0,1,0,0,0.0005555555555555556,68.99999999999994,1
strong_runaway,49,1,4.25,1,0,0,0.0005555555555555556,68.99999999999994,1
strong_runaway,49,1,4.5,1,0,0,0.0005555555555555556,79.00000000000018,1
strong_runaway,49,1,4.75,1,0,0,0.0005555555555555556,79.00000000000018,1
strong_runaway,49,1,5.0,1,0,0,0.0005555555555555556,79.00000000000018,1
strong_runaway,49,1,5.25,1,0,0,0.0005555555555555556,79.00000000000018,1
strong_runaway,49,1,5.5,1,0,0,0.0005555555555555556,79.00000000000018,1
strong_runaway,49,1,5.75,1,0,0,0.0005555555555555556,79.00000000000018,1
strong_runaway,49,1,6.0,1,0,0,0.0005555555555555556,79.00000000000018,1
strong_runaway,49,1,6.25,1,0,0,0.0005555555555555556,79.00000000000018,1
strong_runaway,49,1,6.5,1,0,0,0.0005555555555555556,79.00000000000018,1
strong_runaway,49,1,6.75,1,0,0,0.0005555555555555556,79.00000000000018,1
strong_runaway,49,1,7.0,1,0,0,0.0005555555555555556,79.00000000000018,1
strong_runaway,49,1,7.25,1,0,0,0.0005555555555555556,79.00000000000018,1
strong_runaway,49,1,7.5,1,0,0,0.0005555555555555556,79.00000000000018,1
strong_runaway,49,1,7.75,1,0,0,0.0005555555555555556,88.99999999999997,1
strong_runaway,49,1,8.0,1,0,0,0.0005555555555555556,88.99999999999997,1
strong_runaway,50,1,1.5,1,0,0,0.0005555555555555556,48.99999999999993,1
strong_runaway,50,1,1.75,1,0,0,0.0005555555555555556,48.99999999999993,1
strong_runaway,50,1,2.0,1,0,0,0.0005555555555555556,59.00000000000016,1
strong_runaway,50,1,2.25,1,0,0,0.0005555555555555556,59.00000000000016,1
strong_runaway,50,1,2.5,1,0,0,0.0005555555555555556,59.00000000000016,1
strong_runaway,50,1,2.75,1,0,0,0.0005555555555555556,59.00000000000016,1
strong_runaway,50,1,3.0,1,0,0,0.0005555555555555556,59.00000000000016,1
strong_runaway,50,1,3.25,1,0,0,0.0005555555555555556,59.00000000000016,1
strong_runaway,50,1,3.5,1,0,0,0.0005555555555555556,68.99999999999994,1
strong_runaway,50,1,3.75,1,0,0,0.0005555555555555556,68.99999999999994,1
strong_runaway,50,1,4.0,1,0,0,0.0005555555555555556,68.99999999999994,1
strong_runaway,50,1,4.25,1,0,0,0.0005555555555555556,68.99999999999994,1
strong_runaway,50,1,4.5,1,0,0,0.0005555555555555556,68.99999999999994,1
strong_runaway,50,1,4.75,1,0,0,0.0005555555555555556,68.99999999999994,1
strong_runaway,50,1,5.0,1,0,0,0.0005555555555555556,68.99999999999994,1
strong_runaway,50,1,5.25,1,0,0,0.0005555555555555556,79.00000000000018,1
strong_runaway,50,1,5.5,1,0,0,0.0005555555555555556,79.00000000000018,1
strong_runaway,50,1,5.75,1,0,0,0.0005555555555555556,79.00000000000018,1
strong_runaway,50,1,6.0,1,0,0,0.0005555555555555556,79.00000000000018,1
strong_runaway,50,1,6.25,1,0,0,0.0005555555555555556,79.00000000000018,1
strong_runaway,50,1,6.5,1,0,0,0.0005555555555555556,79.00000000000018,1
strong_runaway,50,1,6.75,1,0,0,0.0005555555555555556,79.00000000000018,1
strong_runaway,50,1,7.0,1,0,0,0.0005555555555555556,79.00000000000018,1
strong_runaway,50,1,7.25,1,0,0,0.0005555555555555556,79.00000000000018,1
strong_runaway,50,1,7.5,1,0,0,0.0005555555555555556,79.00000000000018,1
strong_runaway,50,1,7.75,1,0,0,0.0005555555555555556,79.00000000000018,1
strong_runaway,50,1,8.0,1,0,0,0.0005555555555555556,79.00000000000018,1
strong_runaway,51,1,1.5,1,0,0,0.0005555555555555556,0.0,2
strong_runaway,51,1,1.75,1,0,0,0.0005555555555555556,68.99999999999994,2
strong_runaway,51,1,2.0,1,0,0,0.0005555555555555556,68.99999999999994,2
strong_runaway,51,1,2.25,1,0,0,0.0005555555555555556,79.00000000000018,2
strong_runaway,51,1,2.5,1,0,0,0.0005555555555555556,79.00000000000018,2
strong_runaway,51,1,2.75,1,0,0,0.0005555555555555556,79.00000000000018,2
strong_runaway,51,1,3.0,1,0,0,0.0005555555555555556,79.00000000000018,2
strong_runaway,51,1,3.25,1,0,0,0.0005555555555555556,79.00000000000018,2
strong_runaway,51,1,3.5,1,0,0,0.0005555555555555556,79.00000000000018,2
strong_runaway,51,1,3.75,1,0,0,0.0005555555555555556,79.00000000000018,2
strong_runaway,51,1,4.0,1,0,0,0.0005555555555555556,79.00000000000018,2
strong_runaway,51,1,4.25,1,0,0,0.0005555555555555556,79.00000000000018,2
strong_runaway,51,1,4.5,1,0,0,0.0005555555555555556,79.00000000000018,2
strong_runaway,51,1,4.75,1,0,0,0.0005555555555555556,79.00000000000018,2
strong_runaway,51,1,5.0,1,0,0,0.0005555555555555556,79.00000000000018,2
strong_runaway,51,1,5.25,1,0,0,0.0005555555555555556,88.99999999999997,2
strong_runaway,51,1,5.5,1,0,0,0.0005555555555555556,88.99999999999997,2
strong_runaway,51,1,5.75,1,0,0,0.0005555555555555556,88.99999999999997,2
strong_runaway,51,1,6.0,1,0,0,0.0005555555555555556,88.99999999999997,2
strong_runaway,51,1,6.25,1,0,0,0.0005555555555555556,99.0000000000002,2
strong_runaway,51,1,6.5,1,0,0,0.0005555555555555556,99.0000000000002,2
strong_runaway,51,1,6.75,1,0,0,0.0005555555555555556,99.0000000000002,2
strong_runaway,51,1,7.0,1,0,0,0.0005555555555555556,99.0000000000002,2
strong_runaway,51,1,7.25,1,0,0,0.0005555555555555556,99.0000000000002,2
strong_runaway,51,1,7.5,1,0,0,0.0005555555555555556,99.0000000000002,2
strong_runaway,51,1,7.75,1,0,0,0.0005555555555555556,108.99999999999999,2
strong_runaway,51,1,8.0,1,0,0,0.0005555555555555556,108.99999999999999,2
weak_runaway,42,1,1.5,1,0,0,0.0005555555555555556,178.99999999999983,3
weak_runaway,42,1,1.75,1,0,0,0.0005555555555555556,178.99999999999983,3
weak_runaway,42,1,2.0,1,0,0,0.0005555555555555556,209.00000000000009,3
weak_runaway,42,1,2.25,1,0,0,0.0005555555555555556,218.99999999999986,2
weak_runaway,42,1,2.5,1,0,0,0.0005555555555555556,229.00000000000009,2
weak_runaway,42,1,2.75,1,0,0,0.0005555555555555556,278.9999999999999,2
weak_runaway,42,1,3.0,1,0,0,0.0005555555555555556,1059.0000000000002,1
weak_runaway,42,1,3.25,1,0,0,0.0005555555555555556,1069.0,1
weak_runaway,42,1,3.5,1,0,0,0.0005555555555555556,1069.0,1
weak_runaway,42,1,3.75,0,0,0,0.0005555555555555556,nan,0
weak_runaway,42,1,4.0,0,0,0,0.0005555555555555556,nan,0
weak_runaway,42,1,4.25,0,0,0,0.0005555555555555556,nan,0
weak_runaway,42,1,4.5,0,0,0,0.0005555555555555556,nan,0
weak_runaway,42,1,4.75,0,0,0,0.0005555555555555556,nan,0
weak_runaway,42,1,5.0,0,0,0,0.0005555555555555556,nan,0
weak_runaway,42,1,5.25,0,0,0,0.0005555555555555556,nan,0
weak_runaway,42,1,5.5,0,0,0,0.0005555555555555556,nan,0
weak_runaway,42,1,5.75,0,0,0,0.0005555555555555556,nan,0
weak_runaway,42,1,6.0,0,0,0,0.0005555555555555556,nan,0
weak_runaway,42,1,6.25,0,0,0,0.0005555555555555556,nan,0
weak_runaway,42,1,6.5,0,0,0,0.0005555555555555556,nan,0
weak_runaway,42,1,6.75,0,0,0,0.0005555555555555556,nan,0
weak_runaway,42,1,7.0,0,0,0,0.0005555555555555556,nan,0
weak_runaway,42,1,7.25,0,0,0,0.0005555555555555556,nan,0
weak_runaway,42,1,7.5,0,0,0,0.0005555555555555556,nan,0
weak_runaway,42,1,7.75,0,0,0,0.0005555555555555556,nan,0
weak_runaway,42,1,8.0,0,0,0,0.0005555555555555556,nan,0
weak_runaway,43,1,1.5,1,1,2,0.0005555555555555556,79.00000000000018,5
weak_runaway,43,1,1.75,1,1,1,0.0005555555555555556,88.99999999999997,4
weak_runaway,43,1,2.0,1,1,1,0.0005555555555555556,88.99999999999997,4
weak_runaway,43,1,2.25,1,0,0,0.0005555555555555556,119.00000000000021,4
weak_runaway,43,1,2.5,1,0,0,0.0005555555555555556,119.00000000000021,4
weak_runaway,43,1,2.75,1,0,0,0.0005555555555555556,468.9999999999999,2
weak_runaway,43,1,3.0,1,0,0,0.0005555555555555556,468.9999999999999,1
weak_runaway,43,1,3.25,0,0,0,0.0005555555555555556,nan,0
weak_runaway,43,1,3.5,0,0,0,0.0005555555555555556,nan,0
weak_runaway,43,1,3.75,0,0,0,0.0005555555555555556,nan,0
weak_runaway,43,1,4.0,0,0,0,0.0005555555555555556,nan,0
weak_runaway,43,1,4.25,0,0,0,0.0005555555555555556,nan,0
weak_runaway,43,1,4.5,0,0,0,0.0005555555555555556,nan,0
weak_runaway,43,1,4.75,0,0,0,0.0005555555555555556,nan,0
weak_runaway,43,1,5.0,0,0,0,0.0005555555555555556,nan,0
weak_runaway,43,1,5.25,0,0,0,0.0005555555555555556,nan,0
weak_runaway,43,1,5.5,0,0,0,0.0005555555555555556,nan,0
weak_runaway,43,1,5.75,0,0,0,0.0005555555555555556,nan,0
weak_runaway,43,1,6.0,0,0,0,0.0005555555555555556,nan,0
weak_runaway,43,1,6.25,0,0,0,0.0005555555555555556,nan,0
weak_runaway,43,1,6.5,0,0,0,0.0005555555555555556,nan,0
weak_runaway,43,1,6.75,0,0,0,0.0005555555555555556,nan,0
weak_runaway,43,1,7.0,0,0,0,0.0005555555555555556,nan,0
weak_runaway,43,1,7.25,0,0,0,0.0005555555555555556,nan,0
weak_runaway,43,1,7.5,0,0,0,0.0005555555555555556,nan,0
weak_runaway,43,1,7.75,0,0,0,0.0005555555555555556,nan,0
weak_runaway,43,1,8.0,0,0,0,0.0005555555555555556,nan,0
weak_runaway,44,1,1.5,1,1,1,0.0005555555555555556,129.0,4
weak_runaway,44,1,1.75,1,0,0,0.0005555555555555556,129.0,3
weak_runaway,44,1,2.0,1,0,0,0.0005555555555555556,139.00000000000023,2
weak_runaway,44,1,2.25,1,0,0,0.0005555555555555556,149.00000000000003,2
weak_runaway,44,1,2.5,1,0,0,0.0005555555555555556,149.00000000000003,2
weak_runaway,44,1,2.75,1,0,0,0.0005555555555555556,149.00000000000003,2
weak_runaway,44,1,3.0,1,0,0,0.0005555555555555556,159.00000000000026,1
weak_runaway,44,1,3.25,1,0,0,0.0005555555555555556,169.00000000000003,1
weak_runaway,44,1,3.5,1,0,0,0.0005555555555555556,169.00000000000003,1
weak_runaway,44,1,3.75,1,0,0,0.0005555555555555556,178.99999999999983,1
weak_runaway,44,1,4.0,0,0,0,0.0005555555555555556,nan,0
weak_runaway,44,1,4.25,0,0,0,0.0005555555555555556,nan,0
weak_runaway,44,1,4.5,0,0,0,0.0005555555555555556,nan,0
weak_runaway,44,1,4.75,0,0,0,0.0005555555555555556,nan,0
weak_runaway,44,1,5.0,0,0,0,0.0005555555555555556,nan,0
weak_runaway,44,1,5.25,0,0,0,0.0005555555555555556,nan,0
weak_runaway,44,1,5.5,0,0,0,0.0005555555555555556,nan,0
weak_runaway,44,1,5.75,0,0,0,0.0005555555555555556,nan,0
weak_runaway,44,1,6.0,0,0,0,0.0005555555555555556,nan,0
weak_runaway,44,1,6.25,0,0,0,0.0005555555555555556,nan,0
weak_runaway,44,1,6.5,0,0,0,0.0005555555555555556,nan,0
weak_runaway,44,1,6.75,0,0,0,0.0005555555555555556,nan,0
weak_runaway,44,1,7.0,0,0,0,0.0005555555555555556,nan,0
weak_runaway,44,1,7.25,0,0,0,0.0005555555555555556,nan,0
weak_runaway,44,1,7.5,0,0,0,0.0005555555555555556,nan,0
weak_runaway,44,1,7.75,0,0,0,0.0005555555555555556,nan,0
weak_runaway,44,1,8.0,0,0,0,0.0005555555555555556,nan,0
weak_runaway,45,1,1.5,1,1,1,0.0005555555555555556,169.00000000000003,4
weak_runaway,45,1,1.75,1,1,1,0.0005555555555555556,169.00000000000003,4
weak_runaway,45,1,2.0,1,0,0,0.0005555555555555556,169.00000000000003,1
weak_runaway,45,1,2.25,1,0,0,0.0005555555555555556,349.0000000000002,1
weak_runaway,45,1,2.5,1,0,0,0.0005555555555555556,359.0,1
weak_runaway,45,1,2.75,0,0,0,0.0005555555555555556,nan,0
weak_runaway,45,1,3.0,0,0,0,0.0005555555555555556,nan,0
weak_runaway,45,1,3.25,0,0,0,0.0005555555555555556,nan,0
weak_runaway,45,1,3.5,0,0,0,0.0005555555555555556,nan,0
weak_runaway,45,1,3.75,0,0,0,0.0005555555555555556,nan,0
weak_runaway,45,1,4.0,0,0,0,0.0005555555555555556,nan,0
weak_runaway,45,1,4.25,0,0,0,0.0005555555555555556,nan,0
weak_runaway,45,1,4.5,0,0,0,0.0005555555555555556,nan,0
weak_runaway,45,1,4.75,0,0,0,0.0005555555555555556,nan,0
weak_runaway,45,1,5.0,0,0,0,0.0005555555555555556,nan,0
weak_runaway,45,1,5.25,0,0,0,0.0005555555555555556,nan,0
weak_runaway,45,1,5.5,0,0,0,0.0005555555555555556,nan,0
weak_runaway,45,1,5.75,0,0,0,0.0005555555555555556,nan,0
weak_runaway,45,1,6.0,0,0,0,0.0005555555555555556,nan,0
weak_runaway,45,1,6.25,0,0,0,0.0005555555555555556,nan,0
weak_runaway,45,1,6.5,0,0,0,0.0005555555555555556,nan,0
weak_runaway,45,1,6.75,0,0,0,0.0005555555555555556,nan,0
weak_runaway,45,1,7.0,0,0,0,0.0005555555555555556,nan,0
weak_runaway,45,1,7.25,0,0,0,0.0005555555555555556,nan,0
weak_runaway,45,1,7.5,0,0,0,0.0005555555555555556,nan,0
weak_runaway,45,1,7.75,0,0,0,0.0005555555555555556,nan,0
weak_runaway,45,1,8.0,0,0,0,0.0005555555555555556,nan,0
weak_runaway,46,1,1.5,1,1,1,0.0005555555555555556,189.00000000000006,3
weak_runaway,46,1,1.75,1,1,1,0.0005555555555555556,198.99999999999983,2
weak_runaway,46,1,2.0,1,0,0,0.0005555555555555556,209.00000000000009,1
weak_runaway,46,1,2.25,0,0,0,0.0005555555555555556,nan,0
weak_runaway,46,1,2.5,0,0,0,0.0005555555555555556,nan,0
weak_runaway,46,1,2.75,0,0,0,0.0005555555555555556,nan,0
weak_runaway,46,1,3.0,0,0,0,0.0005555555555555556,nan,0
weak_runaway,46,1,3.25,0,0,0,0.0005555555555555556,nan,0
weak_runaway,46,1,3.5,0,0,0,0.0005555555555555556,nan,0
weak_runaway,46,1,3.75,0,0,0,0.0005555555555555556,nan,0
weak_runaway,46,1,4.0,0,0,0,0.0005555555555555556,nan,0
weak_runaway,46,1,4.25,0,0,0,0.0005555555555555556,nan,0
weak_runaway,46,1,4.5,0,0,0,0.0005555555555555556,nan,0
weak_runaway,46,1,4.75,0,0,0,0.0005555555555555556,nan,0
weak_runaway,46,1,5.0,0,0,0,0.0005555555555555556,nan,0
weak_runaway,46,1,5.25,0,0,0,0.0005555555555555556,nan,0
weak_runaway,46,1,5.5,0,0,0,0.0005555555555555556,nan,0
weak_runaway,46,1,5.75,0,0,0,0.0005555555555555556,nan,0
weak_runaway,46,1,6.0,0,0,0,0.0005555555555555556,nan,0
weak_runaway,46,1,6.25,0,0,0,0.0005555555555555556,nan,0
weak_runaway,46,1,6.5,0,0,0,0.0005555555555555556,nan,0
weak_runaway,46,1,6.75,0,0,0,0.0005555555555555556,nan,0
weak_runaway,46,1,7.0,0,0,0,0.0005555555555555556,nan,0
weak_runaway,46,1,7.25,0,0,0,0.0005555555555555556,nan,0
weak_runaway,46,1,7.5,0,0,0,0.0005555555555555556,nan,0
weak_runaway,46,1,7.75,0,0,0,0.0005555555555555556,nan,0
weak_runaway,46,1,8.0,0,0,0,0.0005555555555555556,nan,0
weak_runaway,47,1,1.5,1,1,1,0.0005555555555555556,79.00000000000018,3
weak_runaway,47,1,1.75,1,1,1,0.0005555555555555556,79.00000000000018,3
weak_runaway,47,1,2.0,1,0,0,0.0005555555555555556,88.99999999999997,2
weak_runaway,47,1,2.25,1,0,0,0.0005555555555555556,88.99999999999997,2
weak_runaway,47,1,2.5,1,0,0,0.0005555555555555556,88.99999999999997,1
weak_runaway,47,1,2.75,1,0,0,0.0005555555555555556,238.9999999999999,1
weak_runaway,47,1,3.0,1,0,0,0.0005555555555555556,249.0000000000001,1
weak_runaway,47,1,3.25,0,0,0,0.0005555555555555556,nan,0
weak_runaway,47,1,3.5,0,0,0,0.0005555555555555556,nan,0
weak_runaway,47,1,3.75,0,0,0,0.0005555555555555556,nan,0
weak_runaway,47,1,4.0,0,0,0,0.0005555555555555556,nan,0
weak_runaway,47,1,4.25,0,0,0,0.0005555555555555556,nan,0
weak_runaway,47,1,4.5,0,0,0,0.0005555555555555556,nan,0
weak_runaway,47,1,4.75,0,0,0,0.0005555555555555556,nan,0
weak_runaway,47,1,5.0,0,0,0,0.0005555555555555556,nan,0
weak_runaway,47,1,5.25,0,0,0,0.0005555555555555556,nan,0
weak_runaway,47,1,5.5,0,0,0,0.0005555555555555556,nan,0
weak_runaway,47,1,5.75,0,0,0,0.0005555555555555556,nan,0
weak_runaway,47,1,6.0,0,0,0,0.0005555555555555556,nan,0
weak_runaway,47,1,6.25,0,0,0,0.0005555555555555556,nan,0
weak_runaway,47,1,6.5,0,0,0,0.0005555555555555556,nan,0
weak_runaway,47,1,6.75,0,0,0,0.0005555555555555556,nan,0
weak_runaway,47,1,7.0,0,0,0,0.0005555555555555556,nan,0
weak_runaway,47,1,7.25,0,0,0,0.0005555555555555556,nan,0
weak_runaway,47,1,7.5,0,0,0,0.0005555555555555556,nan,0
weak_runaway,47,1,7.75,0,0,0,0.0005555555555555556,nan,0
weak_runaway,47,1,8.0,0,0,0,0.0005555555555555556,nan,0
weak_runaway,48,1,1.5,1,1,1,0.0005555555555555556,68.99999999999994,4
weak_runaway,48,1,1.75,1,1,1,0.0005555555555555556,79.00000000000018,4
weak_runaway,48,1,2.0,1,1,1,0.0005555555555555556,119.00000000000021,4
weak_runaway,48,1,2.25,1,1,1,0.0005555555555555556,178.99999999999983,4
weak_runaway,48,1,2.5,1,0,0,0.0005555555555555556,178.99999999999983,1
weak_runaway,48,1,2.75,1,0,0,0.0005555555555555556,189.00000000000006,1
weak_runaway,48,1,3.0,1,0,0,0.0005555555555555556,189.00000000000006,1
weak_runaway,48,1,3.25,1,0,0,0.0005555555555555556,238.9999999999999,1
weak_runaway,48,1,3.5,0,0,0,0.0005555555555555556,nan,0
weak_runaway,48,1,3.75,0,0,0,0.0005555555555555556,nan,0
weak_runaway,48,1,4.0,0,0,0,0.0005555555555555556,nan,0
weak_runaway,48,1,4.25,0,0,0,0.0005555555555555556,nan,0
weak_runaway,48,1,4.5,0,0,0,0.0005555555555555556,nan,0
weak_runaway,48,1,4.75,0,0,0,0.0005555555555555556,nan,0
weak_runaway,48,1,5.0,0,0,0,0.0005555555555555556,nan,0
weak_runaway,48,1,5.25,0,0,0,0.0005555555555555556,nan,0
weak_runaway,48,1,5.5,0,0,0,0.0005555555555555556,nan,0
weak_runaway,48,1,5.75,0,0,0,0.0005555555555555556,nan,0
weak_runaway,48,1,6.0,0,0,0,0.0005555555555555556,nan,0
weak_runaway,48,1,6.25,0,0,0,0.0005555555555555556,nan,0
weak_runaway,48,1,6.5,0,0,0,0.0005555555555555556,nan,0
weak_runaway,48,1,6.75,0,0,0,0.0005555555555555556,nan,0
weak_runaway,48,1,7.0,0,0,0,0.0005555555555555556,nan,0
weak_runaway,48,1,7.25,0,0,0,0.0005555555555555556,nan,0
weak_runaway,48,1,7.5,0,0,0,0.0005555555555555556,nan,0
weak_runaway,48,1,7.75,0,0,0,0.0005555555555555556,nan,0
weak_runaway,48,1,8.0,0,0,0,0.0005555555555555556,nan,0
weak_runaway,49,1,1.5,1,1,1,0.0005555555555555556,79.00000000000018,3
weak_runaway,49,1,1.75,1,1,1,0.0005555555555555556,79.00000000000018,3
weak_runaway,49,1,2.0,1,1,1,0.0005555555555555556,79.00000000000018,3
weak_runaway,49,1,2.25,1,1,1,0.0005555555555555556,159.00000000000026,3
weak_runaway,49,1,2.5,1,0,0,0.0005555555555555556,198.99999999999983,2
weak_runaway,49,1,2.75,1,0,0,0.0005555555555555556,198.99999999999983,2
weak_runaway,49,1,3.0,1,0,0,0.0005555555555555556,209.00000000000009,2
weak_runaway,49,1,3.25,1,0,0,0.0005555555555555556,209.00000000000009,2
weak_runaway,49,1,3.5,1,0,0,0.0005555555555555556,209.00000000000009,2
weak_runaway,49,1,3.75,1,0,0,0.0005555555555555556,218.99999999999986,2
weak_runaway,49,1,4.0,1,0,0,0.0005555555555555556,218.99999999999986,2
weak_runaway,49,1,4.25,1,0,0,0.0005555555555555556,218.99999999999986,2
weak_runaway,49,1,4.5,1,0,0,0.0005555555555555556,229.00000000000009,2
weak_runaway,49,1,4.75,1,0,0,0.0005555555555555556,229.00000000000009,2
weak_runaway,49,1,5.0,1,0,0,0.0005555555555555556,229.00000000000009,2
weak_runaway,49,1,5.25,1,0,0,0.0005555555555555556,229.00000000000009,1
weak_runaway,49,1,5.5,1,0,0,0.0005555555555555556,229.00000000000009,1
weak_runaway,49,1,5.75,1,0,0,0.0005555555555555556,238.9999999999999,1
weak_runaway,49,1,6.0,1,0,0,0.0005555555555555556,379.0,1
weak_runaway,49,1,6.25,1,0,0,0.0005555555555555556,379.0,1
weak_runaway,49,1,6.5,0,0,0,0.0005555555555555556,nan,0
weak_runaway,49,1,6.75,0,0,0,0.0005555555555555556,nan,0
weak_runaway,49,1,7.0,0,0,0,0.0005555555555555556,nan,0
weak_runaway,49,1,7.25,0,0,0,0.0005555555555555556,nan,0
weak_runaway,49,1,7.5,0,0,0,0.0005555555555555556,nan,0
weak_runaway,49,1,7.75,0,0,0,0.0005555555555555556,nan,0
weak_runaway,49,1,8.0,0,0,0,0.0005555555555555556,nan,0
weak_runaway,50,1,1.5,1,0,0,0.0005555555555555556,48.99999999999993,2
weak_runaway,50,1,1.75,1,0,0,0.0005555555555555556,48.99999999999993,2
weak_runaway,50,1,2.0,1,0,0,0.0005555555555555556,59.00000000000016,2
weak_runaway,50,1,2.25,1,0,0,0.0005555555555555556,59.00000000000016,2
weak_runaway,50,1,2.5,1,0,0,0.0005555555555555556,59.00000000000016,2
weak_runaway,50,1,2.75,1,0,0,0.0005555555555555556,59.00000000000016,2
weak_runaway,50,1,3.0,1,0,0,0.0005555555555555556,68.99999999999994,2
weak_runaway,50,1,3.25,1,0,0,0.0005555555555555556,68.99999999999994,2
weak_runaway,50,1,3.5,1,0,0,0.0005555555555555556,79.00000000000018,2
weak_runaway,50,1,3.75,1,0,0,0.0005555555555555556,79.00000000000018,2
weak_runaway,50,1,4.0,1,0,0,0.0005555555555555556,79.00000000000018,2
weak_runaway,50,1,4.25,1,0,0,0.0005555555555555556,79.00000000000018,2
weak_runaway,50,1,4.5,1,0,0,0.0005555555555555556,79.00000000000018,2
weak_runaway,50,1,4.75,1,0,0,0.0005555555555555556,88.99999999999997,2
weak_runaway,50,1,5.0,1,0,0,0.0005555555555555556,88.99999999999997,2
weak_runaway,50,1,5.25,1,0,0,0.0005555555555555556,88.99999999999997,2
weak_runaway,50,1,5.5,1,0,0,0.0005555555555555556,88.99999999999997,2
weak_runaway,50,1,5.75,1,0,0,0.0005555555555555556,88.99999999999997,2
weak_runaway,50,1,6.0,1,0,0,0.0005555555555555556,99.0000000000002,2
weak_runaway,50,1,6.25,1,0,0,0.0005555555555555556,99.0000000000002,2
weak_runaway,50,1,6.5,1,0,0,0.0005555555555555556,108.99999999999999,2
weak_runaway,50,1,6.75,1,0,0,0.0005555555555555556,108.99999999999999,2
weak_runaway,50,1,7.0,1,0,0,0.0005555555555555556,108.99999999999999,1
weak_runaway,50,1,7.25,0,0,0,0.0005555555555555556,nan,0
weak_runaway,50,1,7.5,0,0,0,0.0005555555555555556,nan,0
weak_runaway,50,1,7.75,0,0,0,0.0005555555555555556,nan,0
weak_runaway,50,1,8.0,0,0,0,0.0005555555555555556,nan,0
weak_runaway,51,1,1.5,1,1,1,0.0005555555555555556,389.0000000000002,3
weak_runaway,51,1,1.75,1,0,0,0.0005555555555555556,399.0,1
weak_runaway,51,1,2.0,1,0,0,0.0005555555555555556,399.0,1
weak_runaway,51,1,2.25,1,0,0,0.0005555555555555556,399.0,1
weak_runaway,51,1,2.5,1,0,0,0.0005555555555555556,429.0000000000003,1
weak_runaway,51,1,2.75,1,0,0,0.0005555555555555556,439.00000000000006,1
weak_runaway,51,1,3.0,1,0,0,0.0005555555555555556,439.00000000000006,1
weak_runaway,51,1,3.25,1,0,0,0.0005555555555555556,448.99999999999983,1
weak_runaway,51,1,3.5,1,0,0,0.0005555555555555556,459.00000000000006,1
weak_runaway,51,1,3.75,1,0,0,0.0005555555555555556,468.9999999999999,1
weak_runaway,51,1,4.0,1,0,0,0.0005555555555555556,468.9999999999999,1
weak_runaway,51,1,4.25,1,0,0,0.0005555555555555556,479.0000000000001,1
weak_runaway,51,1,4.5,1,0,0,0.0005555555555555556,488.9999999999999,1
weak_runaway,51,1,4.75,1,0,0,0.0005555555555555556,488.9999999999999,1
weak_runaway,51,1,5.0,1,0,0,0.0005555555555555556,488.9999999999999,1
weak_runaway,51,1,5.25,1,0,0,0.0005555555555555556,499.0000000000001,1
weak_runaway,51,1,5.5,0,0,0,0.0005555555555555556,nan,0
weak_runaway,51,1,5.75,0,0,0,0.0005555555555555556,nan,0
weak_runaway,51,1,6.0,0,0,0,0.0005555555555555556,nan,0
weak_runaway,51,1,6.25,0,0,0,0.0005555555555555556,nan,0
weak_runaway,51,1,6.5,0,0,0,0.0005555555555555556,nan,0
weak_runaway,51,1,6.75,0,0,0,0.0005555555555555556,nan,0
weak_runaway,51,1,7.0,0,0,0,0.0005555555555555556,nan,0
weak_runaway,51,1,7.25,0,0,0,0.0005555555555555556,nan,0
weak_runaway,51,1,7.5,0,0,0,0.0005555555555555556,nan,0
weak_runaway,51,1,7.75,0,0,0,0.0005555555555555556,nan,0
weak_runaway,51,1,8.0,0,0,0,0.0005555555555555556,nan,0
no_runaway_clean,42,0,1.5,0,0,0,0.0011111111111111111,nan,0
no_runaway_clean,42,0,1.75,0,0,0,0.0011111111111111111,nan,0
no_runaway_clean,42,0,2.0,0,0,0,0.0011111111111111111,nan,0
no_runaway_clean,42,0,2.25,0,0,0,0.0011111111111111111,nan,0
no_runaway_clean,42,0,2.5,0,0,0,0.0011111111111111111,nan,0
no_runaway_clean,42,0,2.75,0,0,0,0.0011111111111111111,nan,0
no_runaway_clean,42,0,3.0,0,0,0,0.0011111111111111111,nan,0
no_runaway_clean,42,0,3.25,0,0,0,0.0011111111111111111,nan,0
no_runaway_clean,42,0,3.5,0,0,0,0.0011111111111111111,nan,0
no_runaway_clean,42,0,3.75,0,0,0,0.0011111111111111111,nan,0
no_runaway_clean,42,0,4.0,0,0,0,0.0011111111111111111,nan,0
no_runaway_clean,42,0,4.25,0,0,0,0.0011111111111111111,nan,0
no_runaway_clean,42,0,4.5,0,0,0,0.0011111111111111111,nan,0
no_runaway_clean,42,0,4.75,0,0,0,0.0011111111111111111,nan,0
no_runaway_clean,42,0,5.0,0,0,0,0.0011111111111111111,nan,0
no_runaway_clean,42,0,5.25,0,0,0,0.0011111111111111111,nan,0
no_runaway_clean,42,0,5.5,0,0,0,0.0011111111111111111,nan,0
no_runaway_clean,42,0,5.75,0,0,0,0.0011111111111111111,nan,0
no_runaway_clean,42,0,6.0,0,0,0,0.0011111111111111111,nan,0
no_runaway_clean,42,0,6.25,0,0,0,0.0011111111111111111,nan,0
no_runaway_clean,42,0,6.5,0,0,0,0.0011111111111111111,nan,0
no_runaway_clean,42,0,6.75,0,0,0,0.0011111111111111111,nan,0
no_runaway_clean,42,0,7.0,0,0,0,0.0011111111111111111,nan,0
no_runaway_clean,42,0,7.25,0,0,0,0.0011111111111111111,nan,0
no_runaway_clean,42,0,7.5,0,0,0,0.0011111111111111111,nan,0
no_runaway_clean,42,0,7.75,0,0,0,0.0011111111111111111,nan,0
no_runaway_clean,42,0,8.0,0,0,0,0.0011111111111111111,nan,0
no_runaway_clean,43,0,1.5,0,1,5,0.0011111111111111111,nan,5
no_runaway_clean,43,0,1.75,0,1,4,0.0011111111111111111,nan,4
no_runaway_clean,43,0,2.0,0,1,4,0.0011111111111111111,nan,4
no_runaway_clean,43,0,2.25,0,1,1,0.0011111111111111111,nan,1
no_runaway_clean,43,0,2.5,0,0,0,0.0011111111111111111,nan,0
no_runaway_clean,43,0,2.75,0,0,0,0.0011111111111111111,nan,0
no_runaway_clean,43,0,3.0,0,0,0,0.0011111111111111111,nan,0
no_runaway_clean,43,0,3.25,0,0,0,0.0011111111111111111,nan,0
no_runaway_clean,43,0,3.5,0,0,0,0.0011111111111111111,nan,0
no_runaway_clean,43,0,3.75,0,0,0,0.0011111111111111111,nan,0
no_runaway_clean,43,0,4.0,0,0,0,0.0011111111111111111,nan,0
no_runaway_clean,43,0,4.25,0,0,0,0.0011111111111111111,nan,0
no_runaway_clean,43,0,4.5,0,0,0,0.0011111111111111111,nan,0
no_runaway_clean,43,0,4.75,0,0,0,0.0011111111111111111,nan,0
no_runaway_clean,43,0,5.0,0,0,0,0.0011111111111111111,nan,0
no_runaway_clean,43,0,5.25,0,0,0,0.0011111111111111111,nan,0
no_runaway_clean,43,0,5.5,0,0,0,0.0011111111111111111,nan,0
no_runaway_clean,43,0,5.75,0,0,0,0.0011111111111111111,nan,0
no_runaway_clean,43,0,6.0,0,0,0,0.0011111111111111111,nan,0
no_runaway_clean,43,0,6.25,0,0,0,0.0011111111111111111,nan,0
no_runaway_clean,43,0,6.5,0,0,0,0.0011111111111111111,nan,0
no_runaway_clean,43,0,6.75,0,0,0,0.0011111111111111111,nan,0
no_runaway_clean,43,0,7.0,0,0,0,0.0011111111111111111,nan,0
no_runaway_clean,43,0,7.25,0,0,0,0.0011111111111111111,nan,0
no_runaway_clean,43,0,7.5,0,0,0,0.0011111111111111111,nan,0
no_runaway_clean,43,0,7.75,0,0,0,0.0011111111111111111,nan,0
no_runaway_clean,43,0,8.0,0,0,0,0.0011111111111111111,nan,0
no_runaway_clean,44,0,1.5,0,1,1,0.0011111111111111111,nan,1
no_runaway_clean,44,0,1.75,0,0,0,0.0011111111111111111,nan,0
no_runaway_clean,44,0,2.0,0,0,0,0.0011111111111111111,nan,0
no_runaway_clean,44,0,2.25,0,0,0,0.0011111111111111111,nan,0
no_runaway_clean,44,0,2.5,0,0,0,0.0011111111111111111,nan,0
no_runaway_clean,44,0,2.75,0,0,0,0.0011111111111111111,nan,0
no_runaway_clean,44,0,3.0,0,0,0,0.0011111111111111111,nan,0
no_runaway_clean,44,0,3.25,0,0,0,0.0011111111111111111,nan,0
no_runaway_clean,44,0,3.5,0,0,0,0.0011111111111111111,nan,0
no_runaway_clean,44,0,3.75,0,0,0,0.0011111111111111111,nan,0
no_runaway_clean,44,0,4.0,0,0,0,0.0011111111111111111,nan,0
no_runaway_clean,44,0,4.25,0,0,0,0.0011111111111111111,nan,0
no_runaway_clean,44,0,4.5,0,0,0,0.0011111111111111111,nan,0
no_runaway_clean,44,0,4.75,0,0,0,0.0011111111111111111,nan,0
no_runaway_clean,44,0,5.0,0,0,0,0.0011111111111111111,nan,0
no_runaway_clean,44,0,5.25,0,0,0,0.0011111111111111111,nan,0
no_runaway_clean,44,0,5.5,0,0,0,0.0011111111111111111,nan,0
no_runaway_clean,44,0,5.75,0,0,0,0.0011111111111111111,nan,0
no_runaway_clean,44,0,6.0,0,0,0,0.0011111111111111111,nan,0
no_runaway_clean,44,0,6.25,0,0,0,0.0011111111111111111,nan,0
no_runaway_clean,44,0,6.5,0,0,0,0.0011111111111111111,nan,0
no_runaway_clean,44,0,6.75,0,0,0,0.0011111111111111111,nan,0
no_runaway_clean,44,0,7.0,0,0,0,0.0011111111111111111,nan,0
no_runaway_clean,44,0,7.25,0,0,0,0.0011111111111111111,nan,0
no_runaway_clean,44,0,7.5,0,0,0,0.0011111111111111111,nan,0
no_runaway_clean,44,0,7.75,0,0,0,0.0011111111111111111,nan,0
no_runaway_clean,44,0,8.0,0,0,0,0.0011111111111111111,nan,0
no_runaway_clean,45,0,1.5,0,1,1,0.0011111111111111111,nan,1
no_runaway_clean,45,0,1.75,0,1,1,0.0011111111111111111,nan,1
no_runaway_clean,45,0,2.0,0,0,0,0.0011111111111111111,nan,0
no_runaway_clean,45,0,2.25,0,0,0,0.0011111111111111111,nan,0
no_runaway_clean,45,0,2.5,0,0,0,0.0011111111111111111,nan,0
no_runaway_clean,45,0,2.75,0,0,0,0.0011111111111111111,nan,0
no_runaway_clean,45,0,3.0,0,0,0,0.0011111111111111111,nan,0
no_runaway_clean,45,0,3.25,0,0,0,0.0011111111111111111,nan,0
no_runaway_clean,45,0,3.5,0,0,0,0.0011111111111111111,nan,0
no_runaway_clean,45,0,3.75,0,0,0,0.0011111111111111111,nan,0
no_runaway_clean,45,0,4.0,0,0,0,0.0011111111111111111,nan,0
no_runaway_clean,45,0,4.25,0,0,0,0.0011111111111111111,nan,0
no_runaway_clean,45,0,4.5,0,0,0,0.0011111111111111111,nan,0
no_runaway_clean,45,0,4.75,0,0,0,0.0011111111111111111,nan,0
no_runaway_clean,45,0,5.0,0,0,0,0.0011111111111111111,nan,0
no_runaway_clean,45,0,5.25,0,0,0,0.0011111111111111111,nan,0
no_runaway_clean,45,0,5.5,0,0,0,0.0011111111111111111,nan,0
no_runaway_clean,45,0,5.75,0,0,0,0.0011111111111111111,nan,0
no_runaway_clean,45,0,6.0,0,0,0,0.0011111111111111111,nan,0
no_runaway_clean,45,0,6.25,0,0,0,0.0011111111111111111,nan,0
no_runaway_clean,45,0,6.5,0,0,0,0.0011111111111111111,nan,0
no_runaway_clean,45,0,6.75,0,0,0,0.0011111111111111111,nan,0
no_runaway_clean,45,0,7.0,0,0,0,0.0011111111111111111,nan,0
no_runaway_clean,45,0,7.25,0,0,0,0.0011111111111111111,nan,0
no_runaway_clean,45,0,7.5,0,0,0,0.0011111111111111111,nan,0
no_runaway_clean,45,0,7.75,0,0,0,0.0011111111111111111,nan,0
no_runaway_clean,45,0,8.0,0,0,0,0.0011111111111111111,nan,0
no_runaway_clean,46,0,1.5,0,1,1,0.0011111111111111111,nan,1
no_runaway_clean,46,0,1.75,0,1,1,0.0011111111111111111,nan,1
no_runaway_clean,46,0,2.0,0,0,0,0.0011111111111111111,nan,0
no_runaway_clean,46,0,2.25,0,0,0,0.0011111111111111111,nan,0
no_runaway_clean,46,0,2.5,0,0,0,0.0011111111111111111,nan,0
no_runaway_clean,46,0,2.75,0,0,0,0.0011111111111111111,nan,0
no_runaway_clean,46,0,3.0,0,0,0,0.0011111111111111111,nan,0
no_runaway_clean,46,0,3.25,0,0,0,0.0011111111111111111,nan,0
no_runaway_clean,46,0,3.5,0,0,0,0.0011111111111111111,nan,0
no_runaway_clean,46,0,3.75,0,0,0,0.0011111111111111111,nan,0
no_runaway_clean,46,0,4.0,0,0,0,0.0011111111111111111,nan,0
no_runaway_clean,46,0,4.25,0,0,0,0.0011111111111111111,nan,0
no_runaway_clean,46,0,4.5,0,0,0,0.0011111111111111111,nan,0
no_runaway_clean,46,0,4.75,0,0,0,0.0011111111111111111,nan,0
no_runaway_clean,46,0,5.0,0,0,0,0.0011111111111111111,nan,0
no_runaway_clean,46,0,5.25,0,0,0,0.0011111111111111111,nan,0
no_runaway_clean,46,0,5.5,0,0,0,0.0011111111111111111,nan,0
no_runaway_clean,46,0,5.75,0,0,0,0.0011111111111111111,nan,0
no_runaway_clean,46,0,6.0,0,0,0,0.0011111111111111111,nan,0
no_runaway_clean,46,0,6.25,0,0,0,0.0011111111111111111,nan,0
no_runaway_clean,46,0,6.5,0,0,0,0.0011111111111111111,nan,0
no_runaway_clean,46,0,6.75,0,0,0,0.0011111111111111111,nan,0
no_runaway_clean,46,0,7.0,0,0,0,0.0011111111111111111,nan,0
no_runaway_clean,46,0,7.25,0,0,0,0.0011111111111111111,nan,0
no_runaway_clean,46,0,7.5,0,0,0,0.0011111111111111111,nan,0
no_runaway_clean,46,0,7.75,0,0,0,0.0011111111111111111,nan,0
no_runaway_clean,46,0,8.0,0,0,0,0.0011111111111111111,nan,0
no_runaway_clean,47,0,1.5,0,1,1,0.0011111111111111111,nan,1
no_runaway_clean,47,0,1.75,0,1,1,0.0011111111111111111,nan,1
no_runaway_clean,47,0,2.0,0,0,0,0.0011111111111111111,nan,0
no_runaway_clean,47,0,2.25,0,0,0,0.0011111111111111111,nan,0
no_runaway_clean,47,0,2.5,0,0,0,0.0011111111111111111,nan,0
no_runaway_clean,47,0,2.75,0,0,0,0.0011111111111111111,nan,0
no_runaway_clean,47,0,3.0,0,0,0,0.0011111111111111111,nan,0
no_runaway_clean,47,0,3.25,0,0,0,0.0011111111111111111,nan,0
no_runaway_clean,47,0,3.5,0,0,0,0.0011111111111111111,nan,0
no_runaway_clean,47,0,3.75,0,0,0,0.0011111111111111111,nan,0
no_runaway_clean,47,0,4.0,0,0,0,0.0011111111111111111,nan,0
no_runaway_clean,47,0,4.25,0,0,0,0.0011111111111111111,nan,0
no_runaway_clean,47,0,4.5,0,0,0,0.0011111111111111111,nan,0
no_runaway_clean,47,0,4.75,0,0,0,0.0011111111111111111,nan,0
no_runaway_clean,47,0,5.0,0,0,0,0.0011111111111111111,nan,0
no_runaway_clean,47,0,5.25,0,0,0,0.0011111111111111111,nan,0
no_runaway_clean,47,0,5.5,0,0,0,0.0011111111111111111,nan,0
no_runaway_clean,47,0,5.75,0,0,0,0.0011111111111111111,nan,0
no_runaway_clean,47,0,6.0,0,0,0,0.0011111111111111111,nan,0
no_runaway_clean,47,0,6.25,0,0,0,0.0011111111111111111,nan,0
no_runaway_clean,47,0,6.5,0,0,0,0.0011111111111111111,nan,0
no_runaway_clean,47,0,6.75,0,0,0,0.0011111111111111111,nan,0
no_runaway_clean,47,0,7.0,0,0,0,0.0011111111111111111,nan,0
no_runaway_clean,47,0,7.25,0,0,0,0.0011111111111111111,nan,0
no_runaway_clean,47,0,7.5,0,0,0,0.0011111111111111111,nan,0
no_runaway_clean,47,0,7.75,0,0,0,0.0011111111111111111,nan,0
no_runaway_clean,47,0,8.0,0,0,0,0.0011111111111111111,nan,0
no_runaway_clean,48,0,1.5,0,1,2,0.0011111111111111111,nan,2
no_runaway_clean,48,0,1.75,0,1,2,0.0011111111111111111,nan,2
no_runaway_clean,48,0,2.0,0,1,2,0.0011111111111111111,nan,2
no_runaway_clean,48,0,2.25,0,1,1,0.0011111111111111111,nan,1
no_runaway_clean,48,0,2.5,0,0,0,0.0011111111111111111,nan,0
no_runaway_clean,48,0,2.75,0,0,0,0.0011111111111111111,nan,0
no_runaway_clean,48,0,3.0,0,0,0,0.0011111111111111111,nan,0
no_runaway_clean,48,0,3.25,0,0,0,0.0011111111111111111,nan,0
no_runaway_clean,48,0,3.5,0,0,0,0.0011111111111111111,nan,0
no_runaway_clean,48,0,3.75,0,0,0,0.0011111111111111111,nan,0
no_runaway_clean,48,0,4.0,0,0,0,0.0011111111111111111,nan,0
no_runaway_clean,48,0,4.25,0,0,0,0.0011111111111111111,nan,0
no_runaway_clean,48,0,4.5,0,0,0,0.0011111111111111111,nan,0
no_runaway_clean,48,0,4.75,0,0,0,0.0011111111111111111,nan,0
no_runaway_clean,48,0,5.0,0,0,0,0.0011111111111111111,nan,0
no_runaway_clean,48,0,5.25,0,0,0,0.0011111111111111111,nan,0
no_runaway_clean,48,0,5.5,0,0,0,0.0011111111111111111,nan,0
no_runaway_clean,48,0,5.75,0,0,0,0.0011111111111111111,nan,0
no_runaway_clean,48,0,6.0,0,0,0,0.0011111111111111111,nan,0
no_runaway_clean,48,0,6.25,0,0,0,0.0011111111111111111,nan,0
no_runaway_clean,48,0,6.5,0,0,0,0.0011111111111111111,nan,0
no_runaway_clean,48,0,6.75,0,0,0,0.0011111111111111111,nan,0
no_runaway_clean,48,0,7.0,0,0,0,0.0011111111111111111,nan,0
no_runaway_clean,48,0,7.25,0,0,0,0.0011111111111111111,nan,0
no_runaway_clean,48,0,7.5,0,0,0,0.0011111111111111111,nan,0
no_runaway_clean,48,0,7.75,0,0,0,0.0011111111111111111,nan,0
no_runaway_clean,48,0,8.0,0,0,0,0.0011111111111111111,nan,0
no_runaway_clean,49,0,1.5,0,1,2,0.0011111111111111111,nan,2
no_runaway_clean,49,0,1.75,0,1,2,0.0011111111111111111,nan,2
no_runaway_clean,49,0,2.0,0,1,1,0.0011111111111111111,nan,1
no_runaway_clean,49,0,2.25,0,1,1,0.0011111111111111111,nan,1
no_runaway_clean,49,0,2.5,0,0,0,0.0011111111111111111,nan,0
no_runaway_clean,49,0,2.75,0,0,0,0.0011111111111111111,nan,0
no_runaway_clean,49,0,3.0,0,0,0,0.0011111111111111111,nan,0
no_runaway_clean,49,0,3.25,0,0,0,0.0011111111111111111,nan,0
no_runaway_clean,49,0,3.5,0,0,0,0.0011111111111111111,nan,0
no_runaway_clean,49,0,3.75,0,0,0,0.0011111111111111111,nan,0
no_runaway_clean,49,0,4.0,0,0,0,0.0011111111111111111,nan,0
no_runaway_clean,49,0,4.25,0,0,0,0.0011111111111111111,nan,0
no_runaway_clean,49,0,4.5,0,0,0,0.0011111111111111111,nan,0
no_runaway_clean,49,0,4.75,0,0,0,0.0011111111111111111,nan,0
no_runaway_clean,49,0,5.0,0,0,0,0.0011111111111111111,nan,0
no_runaway_clean,49,0,5.25,0,0,0,0.0011111111111111111,nan,0
no_runaway_clean,49,0,5.5,0,0,0,0.0011111111111111111,nan,0
no_runaway_clean,49,0,5.75,0,0,0,0.0011111111111111111,nan,0
no_runaway_clean,49,0,6.0,0,0,0,0.0011111111111111111,nan,0
no_runaway_clean,49,0,6.25,0,0,0,0.0011111111111111111,nan,0
no_runaway_clean,49,0,6.5,0,0,0,0.0011111111111111111,nan,0
no_runaway_clean,49,0,6.75,0,0,0,0.0011111111111111111,nan,0
no_runaway_clean,49,0,7.0,0,0,0,0.0011111111111111111,nan,0
no_runaway_clean,49,0,7.25,0,0,0,0.0011111111111111111,nan,0
no_runaway_clean,49,0,7.5,0,0,0,0.0011111111111111111,nan,0
no_runaway_clean,49,0,7.75,0,0,0,0.0011111111111111111,nan,0
no_runaway_clean,49,0,8.0,0,0,0,0.0011111111111111111,nan,0
no_runaway_clean,50,0,1.5,0,1,3,0.0011111111111111111,nan,3
no_runaway_clean,50,0,1.75,0,1,3,0.0011111111111111111,nan,3
no_runaway_clean,50,0,2.0,0,1,3,0.0011111111111111111,nan,3
no_runaway_clean,50,0,2.25,0,1,1,0.0011111111111111111,nan,1
no_runaway_clean,50,0,2.5,0,0,0,0.0011111111111111111,nan,0
no_runaway_clean,50,0,2.75,0,0,0,0.0011111111111111111,nan,0
no_runaway_clean,50,0,3.0,0,0,0,0.0011111111111111111,nan,0
no_runaway_clean,50,0,3.25,0,0,0,0.0011111111111111111,nan,0
no_runaway_clean,50,0,3.5,0,0,0,0.0011111111111111111,nan,0
no_runaway_clean,50,0,3.75,0,0,0,0.0011111111111111111,nan,0
no_runaway_clean,50,0,4.0,0,0,0,0.0011111111111111111,nan,0
no_runaway_clean,50,0,4.25,0,0,0,0.0011111111111111111,nan,0
no_runaway_clean,50,0,4.5,0,0,0,0.0011111111111111111,nan,0
no_runaway_clean,50,0,4.75,0,0,0,0.0011111111111111111,nan,0
no_runaway_clean,50,0,5.0,0,0,0,0.0011111111111111111,nan,0
no_runaway_clean,50,0,5.25,0,0,0,0.0011111111111111111,nan,0
no_runaway_clean,50,0,5.5,0,0,0,0.0011111111111111111,nan,0
no_runaway_clean,50,0,5.75,0,0,0,0.0011111111111111111,nan,0
no_runaway_clean,50,0,6.0,0,0,0,0.0011111111111111111,nan,0
no_runaway_clean,50,0,6.25,0,0,0,0.0011111111111111111,nan,0
no_runaway_clean,50,0,6.5,0,0,0,0.0011111111111111111,nan,0
no_runaway_clean,50,0,6.75,0,0,0,0.0011111111111111111,nan,0
no_runaway_clean,50,0,7.0,0,0,0,0.0011111111111111111,nan,0
no_runaway_clean,50,0,7.25,0,0,0,0.0011111111111111111,nan,0
no_runaway_clean,50,0,7.5,0,0,0,0.0011111111111111111,nan,0
no_runaway_clean,50,0,7.75,0,0,0,0.0011111111111111111,nan,0
no_runaway_clean,50,0,8.0,0,0,0,0.0011111111111111111,nan,0
no_runaway_clean,51,0,1.5,0,1,3,0.0011111111111111111,nan,3
no_runaway_clean,51,0,1.75,0,1,1,0.0011111111111111111,nan,1
no_runaway_clean,51,0,2.0,0,1,1,0.0011111111111111111,nan,1
no_runaway_clean,51,0,2.25,0,1,1,0.0011111111111111111,nan,1
no_runaway_clean,51,0,2.5,0,0,0,0.0011111111111111111,nan,0
no_runaway_clean,51,0,2.75,0,0,0,0.0011111111111111111,nan,0
no_runaway_clean,51,0,3.0,0,0,0,0.0011111111111111111,nan,0
no_runaway_clean,51,0,3.25,0,0,0,0.0011111111111111111,nan,0
no_runaway_clean,51,0,3.5,0,0,0,0.0011111111111111111,nan,0
no_runaway_clean,51,0,3.75,0,0,0,0.0011111111111111111,nan,0
no_runaway_clean,51,0,4.0,0,0,0,0.0011111111111111111,nan,0
no_runaway_clean,51,0,4.25,0,0,0,0.0011111111111111111,nan,0
no_runaway_clean,51,0,4.5,0,0,0,0.0011111111111111111,nan,0
no_runaway_clean,51,0,4.75,0,0,0,0.0011111111111111111,nan,0
no_runaway_clean,51,0,5.0,0,0,0,0.0011111111111111111,nan,0
no_runaway_clean,51,0,5.25,0,0,0,0.0011111111111111111,nan,0
no_runaway_clean,51,0,5.5,0,0,0,0.0011111111111111111,nan,0
no_runaway_clean,51,0,5.75,0,0,0,0.0011111111111111111,nan,0
no_runaway_clean,51,0,6.0,0,0,0,0.0011111111111111111,nan,0
no_runaway_clean,51,0,6.25,0,0,0,0.0011111111111111111,nan,0
no_runaway_clean,51,0,6.5,0,0,0,0.0011111111111111111,nan,0
no_runaway_clean,51,0,6.75,0,0,0,0.0011111111111111111,nan,0
no_runaway_clean,51,0,7.0,0,0,0,0.0011111111111111111,nan,0
no_runaway_clean,51,0,7.25,0,0,0,0.0011111111111111111,nan,0
no_runaway_clean,51,0,7.5,0,0,0,0.0011111111111111111,nan,0
no_runaway_clean,51,0,7.75,0,0,0,0.0011111111111111111,nan,0
no_runaway_clean,51,0,8.0,0,0,0,0.0011111111111111111,nan,0
no_runaway_artifact,42,0,1.5,0,1,1,0.0011111111111111111,nan,1
no_runaway_artifact,42,0,1.75,0,1,1,0.0011111111111111111,nan,1
no_runaway_artifact,42,0,2.0,0,1,1,0.0011111111111111111,nan,1
no_runaway_artifact,42,0,2.25,0,1,1,0.0011111111111111111,nan,1
no_runaway_artifact,42,0,2.5,0,1,1,0.0011111111111111111,nan,1
no_runaway_artifact,42,0,2.75,0,1,1,0.0011111111111111111,nan,1
no_runaway_artifact,42,0,3.0,0,1,1,0.0011111111111111111,nan,1
no_runaway_artifact,42,0,3.25,0,1,1,0.0011111111111111111,nan,1
no_runaway_artifact,42,0,3.5,0,1,1,0.0011111111111111111,nan,1
no_runaway_artifact,42,0,3.75,0,1,1,0.0011111111111111111,nan,1
no_runaway_artifact,42,0,4.0,0,1,1,0.0011111111111111111,nan,1
no_runaway_artifact,42,0,4.25,0,1,1,0.0011111111111111111,nan,1
no_runaway_artifact,42,0,4.5,0,1,1,0.0011111111111111111,nan,1
no_runaway_artifact,42,0,4.75,0,1,1,0.0011111111111111111,nan,1
no_runaway_artifact,42,0,5.0,0,1,1,0.0011111111111111111,nan,1
no_runaway_artifact,42,0,5.25,0,0,0,0.0011111111111111111,nan,0
no_runaway_artifact,42,0,5.5,0,0,0,0.0011111111111111111,nan,0
no_runaway_artifact,42,0,5.75,0,0,0,0.0011111111111111111,nan,0
no_runaway_artifact,42,0,6.0,0,0,0,0.0011111111111111111,nan,0
no_runaway_artifact,42,0,6.25,0,0,0,0.0011111111111111111,nan,0
no_runaway_artifact,42,0,6.5,0,0,0,0.0011111111111111111,nan,0
no_runaway_artifact,42,0,6.75,0,0,0,0.0011111111111111111,nan,0
no_runaway_artifact,42,0,7.0,0,0,0,0.0011111111111111111,nan,0
no_runaway_artifact,42,0,7.25,0,0,0,0.0011111111111111111,nan,0
no_runaway_artifact,42,0,7.5,0,0,0,0.0011111111111111111,nan,0
no_runaway_artifact,42,0,7.75,0,0,0,0.0011111111111111111,nan,0
no_runaway_artifact,42,0,8.0,0,0,0,0.0011111111111111111,nan,0
no_runaway_artifact,43,0,1.5,0,1,5,0.0011111111111111111,nan,5
no_runaway_artifact,43,0,1.75,0,1,4,0.0011111111111111111,nan,4
no_runaway_artifact,43,0,2.0,0,1,4,0.0011111111111111111,nan,4
no_runaway_artifact,43,0,2.25,0,1,2,0.0011111111111111111,nan,2
no_runaway_artifact,43,0,2.5,0,1,1,0.0011111111111111111,nan,1
no_runaway_artifact,43,0,2.75,0,1,1,0.0011111111111111111,nan,1
no_runaway_artifact,43,0,3.0,0,1,1,0.0011111111111111111,nan,1
no_runaway_artifact,43,0,3.25,0,1,1,0.0011111111111111111,nan,1
no_runaway_artifact,43,0,3.5,0,1,1,0.0011111111111111111,nan,1
no_runaway_artifact,43,0,3.75,0,1,1,0.0011111111111111111,nan,1
no_runaway_artifact,43,0,4.0,0,1,1,0.0011111111111111111,nan,1
no_runaway_artifact,43,0,4.25,0,1,1,0.0011111111111111111,nan,1
no_runaway_artifact,43,0,4.5,0,1,1,0.0011111111111111111,nan,1
no_runaway_artifact,43,0,4.75,0,1,1,0.0011111111111111111,nan,1
no_runaway_artifact,43,0,5.0,0,1,1,0.0011111111111111111,nan,1
no_runaway_artifact,43,0,5.25,0,0,0,0.0011111111111111111,nan,0
no_runaway_artifact,43,0,5.5,0,0,0,0.0011111111111111111,nan,0
no_runaway_artifact,43,0,5.75,0,0,0,0.0011111111111111111,nan,0
no_runaway_artifact,43,0,6.0,0,0,0,0.0011111111111111111,nan,0
no_runaway_artifact,43,0,6.25,0,0,0,0.0011111111111111111,nan,0
no_runaway_artifact,43,0,6.5,0,0,0,0.0011111111111111111,nan,0
no_runaway_artifact,43,0,6.75,0,0,0,0.0011111111111111111,nan,0
no_runaway_artifact,43,0,7.0,0,0,0,0.0011111111111111111,nan,0
no_runaway_artifact,43,0,7.25,0,0,0,0.0011111111111111111,nan,0
no_runaway_artifact,43,0,7.5,0,0,0,0.0011111111111111111,nan,0
no_runaway_artifact,43,0,7.75,0,0,0,0.0011111111111111111,nan,0
no_runaway_artifact,43,0,8.0,0,0,0,0.0011111111111111111,nan,0
no_runaway_artifact,44,0,1.5,0,1,3,0.0011111111111111111,nan,3
no_runaway_artifact,44,0,1.75,0,1,1,0.0011111111111111111,nan,1
no_runaway_artifact,44,0,2.0,0,1,1,0.0011111111111111111,nan,1
no_runaway_artifact,44,0,2.25,0,1,1,0.0011111111111111111,nan,1
no_runaway_artifact,44,0,2.5,0,1,1,0.0011111111111111111,nan,1
no_runaway_artifact,44,0,2.75,0,1,1,0.0011111111111111111,nan,1
no_runaway_artifact,44,0,3.0,0,1,1,0.0011111111111111111,nan,1
no_runaway_artifact,44,0,3.25,0,0,0,0.0011111111111111111,nan,0
no_runaway_artifact,44,0,3.5,0,0,0,0.0011111111111111111,nan,0
no_runaway_artifact,44,0,3.75,0,0,0,0.0011111111111111111,nan,0
no_runaway_artifact,44,0,4.0,0,0,0,0.0011111111111111111,nan,0
no_runaway_artifact,44,0,4.25,0,0,0,0.0011111111111111111,nan,0
no_runaway_artifact,44,0,4.5,0,0,0,0.0011111111111111111,nan,0
no_runaway_artifact,44,0,4.75,0,0,0,0.0011111111111111111,nan,0
no_runaway_artifact,44,0,5.0,0,0,0,0.0011111111111111111,nan,0
no_runaway_artifact,44,0,5.25,0,0,0,0.0011111111111111111,nan,0
no_runaway_artifact,44,0,5.5,0,0,0,0.0011111111111111111,nan,0
no_runaway_artifact,44,0,5.75,0,0,0,0.0011111111111111111,nan,0
no_runaway_artifact,44,0,6.0,0,0,0,0.0011111111111111111,nan,0
no_runaway_artifact,44,0,6.25,0,0,0,0.0011111111111111111,nan,0
no_runaway_artifact,44,0,6.5,0,0,0,0.0011111111111111111,nan,0
no_runaway_artifact,44,0,6.75,0,0,0,0.0011111111111111111,nan,0
no_runaway_artifact,44,0,7.0,0,0,0,0.0011111111111111111,nan,0
no_runaway_artifact,44,0,7.25,0,0,0,0.0011111111111111111,nan,0
no_runaway_artifact,44,0,7.5,0,0,0,0.0011111111111111111,nan,0
no_runaway_artifact,44,0,7.75,0,0,0,0.0011111111111111111,nan,0
no_runaway_artifact,44,0,8.0,0,0,0,0.0011111111111111111,nan,0
no_runaway_artifact,45,0,1.5,0,1,2,0.0011111111111111111,nan,2
no_runaway_artifact,45,0,1.75,0,1,2,0.0011111111111111111,nan,2
no_runaway_artifact,45,0,2.0,0,1,1,0.0011111111111111111,nan,1
no_runaway_artifact,45,0,2.25,0,1,1,0.0011111111111111111,nan,1
no_runaway_artifact,45,0,2.5,0,0,0,0.0011111111111111111,nan,0
no_runaway_artifact,45,0,2.75,0,0,0,0.0011111111111111111,nan,0
no_runaway_artifact,45,0,3.0,0,0,0,0.0011111111111111111,nan,0
no_runaway_artifact,45,0,3.25,0,0,0,0.0011111111111111111,nan,0
no_runaway_artifact,45,0,3.5,0,0,0,0.0011111111111111111,nan,0
no_runaway_artifact,45,0,3.75,0,0,0,0.0011111111111111111,nan,0
no_runaway_artifact,45,0,4.0,0,0,0,0.0011111111111111111,nan,0
no_runaway_artifact,45,0,4.25,0,0,0,0.0011111111111111111,nan,0
no_runaway_artifact,45,0,4.5,0,0,0,0.0011111111111111111,nan,0
no_runaway_artifact,45,0,4.75,0,0,0,0.0011111111111111111,nan,0
no_runaway_artifact,45,0,5.0,0,0,0,0.0011111111111111111,nan,0
no_runaway_artifact,45,0,5.25,0,0,0,0.0011111111111111111,nan,0
no_runaway_artifact,45,0,5.5,0,0,0,0.0011111111111111111,nan,0
no_runaway_artifact,45,0,5.75,0,0,0,0.0011111111111111111,nan,0
no_runaway_artifact,45,0,6.0,0,0,0,0.0011111111111111111,nan,0
no_runaway_artifact,45,0,6.25,0,0,0,0.0011111111111111111,nan,0
no_runaway_artifact,45,0,6.5,0,0,0,0.0011111111111111111,nan,0
no_runaway_artifact,45,0,6.75,0,0,0,0.0011111111111111111,nan,0
no_runaway_artifact,45,0,7.0,0,0,0,0.0011111111111111111,nan,0
no_runaway_artifact,45,0,7.25,0,0,0,0.0011111111111111111,nan,0
no_runaway_artifact,45,0,7.5,0,0,0,0.0011111111111111111,nan,0
no_runaway_artifact,45,0,7.75,0,0,0,0.0011111111111111111,nan,0
no_runaway_artifact,45,0,8.0,0,0,0,0.0011111111111111111,nan,0
no_runaway_artifact,46,0,1.5,0,1,1,0.0011111111111111111,nan,1
no_runaway_artifact,46,0,1.75,0,1,1,0.0011111111111111111,nan,1
no_runaway_artifact,46,0,2.0,0,0,0,0.0011111111111111111,nan,0
no_runaway_artifact,46,0,2.25,0,0,0,0.0011111111111111111,nan,0
no_runaway_artifact,46,0,2.5,0,0,0,0.0011111111111111111,nan,0
no_runaway_artifact,46,0,2.75,0,0,0,0.0011111111111111111,nan,0
no_runaway_artifact,46,0,3.0,0,0,0,0.0011111111111111111,nan,0
no_runaway_artifact,46,0,3.25,0,0,0,0.0011111111111111111,nan,0
no_runaway_artifact,46,0,3.5,0,0,0,0.0011111111111111111,nan,0
no_runaway_artifact,46,0,3.75,0,0,0,0.0011111111111111111,nan,0
no_runaway_artifact,46,0,4.0,0,0,0,0.0011111111111111111,nan,0
no_runaway_artifact,46,0,4.25,0,0,0,0.0011111111111111111,nan,0
no_runaway_artifact,46,0,4.5,0,0,0,0.0011111111111111111,nan,0
no_runaway_artifact,46,0,4.75,0,0,0,0.0011111111111111111,nan,0
no_runaway_artifact,46,0,5.0,0,0,0,0.0011111111111111111,nan,0
no_runaway_artifact,46,0,5.25,0,0,0,0.0011111111111111111,nan,0
no_runaway_artifact,46,0,5.5,0,0,0,0.0011111111111111111,nan,0
no_runaway_artifact,46,0,5.75,0,0,0,0.0011111111111111111,nan,0
no_runaway_artifact,46,0,6.0,0,0,0,0.0011111111111111111,nan,0
no_runaway_artifact,46,0,6.25,0,0,0,0.0011111111111111111,nan,0
no_runaway_artifact,46,0,6.5,0,0,0,0.0011111111111111111,nan,0
no_runaway_artifact,46,0,6.75,0,0,0,0.0011111111111111111,nan,0
no_runaway_artifact,46,0,7.0,0,0,0,0.0011111111111111111,nan,0
no_runaway_artifact,46,0,7.25,0,0,0,0.0011111111111111111,nan,0
no_runaway_artifact,46,0,7.5,0,0,0,0.0011111111111111111,nan,0
no_runaway_artifact,46,0,7.75,0,0,0,0.0011111111111111111,nan,0
no_runaway_artifact,46,0,8.0,0,0,0,0.0011111111111111111,nan,0
no_runaway_artifact,47,0,1.5,0,1,2,0.0011111111111111111,nan,2
no_runaway_artifact,47,0,1.75,0,1,2,0.0011111111111111111,nan,2
no_runaway_artifact,47,0,2.0,0,1,1,0.0011111111111111111,nan,1
no_runaway_artifact,47,0,2.25,0,1,1,0.0011111111111111111,nan,1
no_runaway_artifact,47,0,2.5,0,1,1,0.0011111111111111111,nan,1
no_runaway_artifact,47,0,2.75,0,0,0,0.0011111111111111111,nan,0
no_runaway_artifact,47,0,3.0,0,0,0,0.0011111111111111111,nan,0
no_runaway_artifact,47,0,3.25,0,0,0,0.0011111111111111111,nan,0
no_runaway_artifact,47,0,3.5,0,0,0,0.0011111111111111111,nan,0
no_runaway_artifact,47,0,3.75,0,0,0,0.0011111111111111111,nan,0
no_runaway_artifact,47,0,4.0,0,0,0,0.0011111111111111111,nan,0
no_runaway_artifact,47,0,4.25,0,0,0,0.0011111111111111111,nan,0
no_runaway_artifact,47,0,4.5,0,0,0,0.0011111111111111111,nan,0
no_runaway_artifact,47,0,4.75,0,0,0,0.0011111111111111111,nan,0
no_runaway_artifact,47,0,5.0,0,0,0,0.0011111111111111111,nan,0
no_runaway_artifact,47,0,5.25,0,0,0,0.0011111111111111111,nan,0
no_runaway_artifact,47,0,5.5,0,0,0,0.0011111111111111111,nan,0
no_runaway_artifact,47,0,5.75,0,0,0,0.0011111111111111111,nan,0
no_runaway_artifact,47,0,6.0,0,0,0,0.0011111111111111111,nan,0
no_runaway_artifact,47,0,6.25,0,0,0,0.0011111111111111111,nan,0
no_runaway_artifact,47,0,6.5,0,0,0,0.0011111111111111111,nan,0
no_runaway_artifact,47,0,6.75,0,0,0,0.0011111111111111111,nan,0
no_runaway_artifact,47,0,7.0,0,0,0,0.0011111111111111111,nan,0
no_runaway_artifact,47,0,7.25,0,0,0,0.0011111111111111111,nan,0
no_runaway_artifact,47,0,7.5,0,0,0,0.0011111111111111111,nan,0
no_runaway_artifact,47,0,7.75,0,0,0,0.0011111111111111111,nan,0
no_runaway_artifact,47,0,8.0,0,0,0,0.0011111111111111111,nan,0
no_runaway_artifact,48,0,1.5,0,1,3,0.0011111111111111111,nan,3
no_runaway_artifact,48,0,1.75,0,1,3,0.0011111111111111111,nan,3
no_runaway_artifact,48,0,2.0,0,1,3,0.0011111111111111111,nan,3
no_runaway_artifact,48,0,2.25,0,1,2,0.0011111111111111111,nan,2
no_runaway_artifact,48,0,2.5,0,1,1,0.0011111111111111111,nan,1
no_runaway_artifact,48,0,2.75,0,1,1,0.0011111111111111111,nan,1
no_runaway_artifact,48,0,3.0,0,1,1,0.0011111111111111111,nan,1
no_runaway_artifact,48,0,3.25,0,1,1,0.0011111111111111111,nan,1
no_runaway_artifact,48,0,3.5,0,1,1,0.0011111111111111111,nan,1
no_runaway_artifact,48,0,3.75,0,1,1,0.0011111111111111111,nan,1
no_runaway_artifact,48,0,4.0,0,1,1,0.0011111111111111111,nan,1
no_runaway_artifact,48,0,4.25,0,1,1,0.0011111111111111111,nan,1
no_runaway_artifact,48,0,4.5,0,1,1,0.0011111111111111111,nan,1
no_runaway_artifact,48,0,4.75,0,1,1,0.0011111111111111111,nan,1
no_runaway_artifact,48,0,5.0,0,1,1,0.0011111111111111111,nan,1
no_runaway_artifact,48,0,5.25,0,1,1,0.0011111111111111111,nan,1
no_runaway_artifact,48,0,5.5,0,1,1,0.0011111111111111111,nan,1
no_runaway_artifact,48,0,5.75,0,1,1,0.0011111111111111111,nan,1
no_runaway_artifact,48,0,6.0,0,1,1,0.0011111111111111111,nan,1
no_runaway_artifact,48,0,6.25,0,1,1,0.0011111111111111111,nan,1
no_runaway_artifact,48,0,6.5,0,1,1,0.0011111111111111111,nan,1
no_runaway_artifact,48,0,6.75,0,1,1,0.0011111111111111111,nan,1
no_runaway_artifact,48,0,7.0,0,1,1,0.0011111111111111111,nan,1
no_runaway_artifact,48,0,7.25,0,1,1,0.0011111111111111111,nan,1
no_runaway_artifact,48,0,7.5,0,1,1,0.0011111111111111111,nan,1
no_runaway_artifact,48,0,7.75,0,1,1,0.0011111111111111111,nan,1
no_runaway_artifact,48,0,8.0,0,1,1,0.0011111111111111111,nan,1
no_runaway_artifact,49,0,1.5,0,1,3,0.0011111111111111111,nan,3
no_runaway_artifact,49,0,1.75,0,1,3,0.0011111111111111111,nan,3
no_runaway_artifact,49,0,2.0,0,1,2,0.0011111111111111111,nan,2
no_runaway_artifact,49,0,2.25,0,1,2,0.0011111111111111111,nan,2
no_runaway_artifact,49,0,2.5,0,1,1,0.0011111111111111111,nan,1
no_runaway_artifact,49,0,2.75,0,1,1,0.0011111111111111111,nan,1
no_runaway_artifact,49,0,3.0,0,1,1,0.0011111111111111111,nan,1
no_runaway_artifact,49,0,3.25,0,1,1,0.0011111111111111111,nan,1
no_runaway_artifact,49,0,3.5,0,1,1,0.0011111111111111111,nan,1
no_runaway_artifact,49,0,3.75,0,1,1,0.0011111111111111111,nan,1
no_runaway_artifact,49,0,4.0,0,1,1,0.0011111111111111111,nan,1
no_runaway_artifact,49,0,4.25,0,1,1,0.0011111111111111111,nan,1
no_runaway_artifact,49,0,4.5,0,1,1,0.0011111111111111111,nan,1
no_runaway_artifact,49,0,4.75,0,1,1,0.0011111111111111111,nan,1
no_runaway_artifact,49,0,5.0,0,1,1,0.0011111111111111111,nan,1
no_runaway_artifact,49,0,5.25,0,1,1,0.0011111111111111111,nan,1
no_runaway_artifact,49,0,5.5,0,0,0,0.0011111111111111111,nan,0
no_runaway_artifact,49,0,5.75,0,0,0,0.0011111111111111111,nan,0
no_runaway_artifact,49,0,6.0,0,0,0,0.0011111111111111111,nan,0
no_runaway_artifact,49,0,6.25,0,0,0,0.0011111111111111111,nan,0
no_runaway_artifact,49,0,6.5,0,0,0,0.0011111111111111111,nan,0
no_runaway_artifact,49,0,6.75,0,0,0,0.0011111111111111111,nan,0
no_runaway_artifact,49,0,7.0,0,0,0,0.0011111111111111111,nan,0
no_runaway_artifact,49,0,7.25,0,0,0,0.0011111111111111111,nan,0
no_runaway_artifact,49,0,7.5,0,0,0,0.0011111111111111111,nan,0
no_runaway_artifact,49,0,7.75,0,0,0,0.0011111111111111111,nan,0
no_runaway_artifact,49,0,8.0,0,0,0,0.0011111111111111111,nan,0
no_runaway_artifact,50,0,1.5,0,1,2,0.0011111111111111111,nan,2
no_runaway_artifact,50,0,1.75,0,1,2,0.0011111111111111111,nan,2
no_runaway_artifact,50,0,2.0,0,1,2,0.0011111111111111111,nan,2
no_runaway_artifact,50,0,2.25,0,1,3,0.0011111111111111111,nan,3
no_runaway_artifact,50,0,2.5,0,1,2,0.0011111111111111111,nan,2
no_runaway_artifact,50,0,2.75,0,1,1,0.0011111111111111111,nan,1
no_runaway_artifact,50,0,3.0,0,1,1,0.0011111111111111111,nan,1
no_runaway_artifact,50,0,3.25,0,1,1,0.0011111111111111111,nan,1
no_runaway_artifact,50,0,3.5,0,1,1,0.0011111111111111111,nan,1
no_runaway_artifact,50,0,3.75,0,1,1,0.0011111111111111111,nan,1
no_runaway_artifact,50,0,4.0,0,1,1,0.0011111111111111111,nan,1
no_runaway_artifact,50,0,4.25,0,0,0,0.0011111111111111111,nan,0
no_runaway_artifact,50,0,4.5,0,0,0,0.0011111111111111111,nan,0
no_runaway_artifact,50,0,4.75,0,0,0,0.0011111111111111111,nan,0
no_runaway_artifact,50,0,5.0,0,0,0,0.0011111111111111111,nan,0
no_runaway_artifact,50,0,5.25,0,0,0,0.0011111111111111111,nan,0
no_runaway_artifact,50,0,5.5,0,0,0,0.0011111111111111111,nan,0
no_runaway_artifact,50,0,5.75,0,0,0,0.0011111111111111111,nan,0
no_runaway_artifact,50,0,6.0,0,0,0,0.0011111111111111111,nan,0
no_runaway_artifact,50,0,6.25,0,0,0,0.0011111111111111111,nan,0
no_runaway_artifact,50,0,6.5,0,0,0,0.0011111111111111111,nan,0
no_runaway_artifact,50,0,6.75,0,0,0,0.0011111111111111111,nan,0
no_runaway_artifact,50,0,7.0,0,0,0,0.0011111111111111111,nan,0
no_runaway_artifact,50,0,7.25,0,0,0,0.0011111111111111111,nan,0
no_runaway_artifact,50,0,7.5,0,0,0,0.0011111111111111111,nan,0
no_runaway_artifact,50,0,7.75,0,0,0,0.0011111111111111111,nan,0
no_runaway_artifact,50,0,8.0,0,0,0,0.0011111111111111111,nan,0
no_runaway_artifact,51,0,1.5,0,1,3,0.0011111111111111111,nan,3
no_runaway_artifact,51,0,1.75,0,1,1,0.0011111111111111111,nan,1
no_runaway_artifact,51,0,2.0,0,1,1,0.0011111111111111111,nan,1
no_runaway_artifact,51,0,2.25,0,1,1,0.0011111111111111111,nan,1
no_runaway_artifact,51,0,2.5,0,1,1,0.0011111111111111111,nan,1
no_runaway_artifact,51,0,2.75,0,1,1,0.0011111111111111111,nan,1
no_runaway_artifact,51,0,3.0,0,1,1,0.0011111111111111111,nan,1
no_runaway_artifact,51,0,3.25,0,1,1,0.0011111111111111111,nan,1
no_runaway_artifact,51,0,3.5,0,1,1,0.0011111111111111111,nan,1
no_runaway_artifact,51,0,3.75,0,1,1,0.0011111111111111111,nan,1
no_runaway_artifact,51,0,4.0,0,1,1,0.0011111111111111111,nan,1
no_runaway_artifact,51,0,4.25,0,1,1,0.0011111111111111111,nan,1
no_runaway_artifact,51,0,4.5,0,1,1,0.0011111111111111111,nan,1
no_runaway_artifact,51,0,4.75,0,1,1,0.0011111111111111111,nan,1
no_runaway_artifact,51,0,5.0,0,1,1,0.0011111111111111111,nan,1
no_runaway_artifact,51,0,5.25,0,1,1,0.0011111111111111111,nan,1
no_runaway_artifact,51,0,5.5,0,1,1,0.0011111111111111111,nan,1
no_runaway_artifact,51,0,5.75,0,0,0,0.0011111111111111111,nan,0
no_runaway_artifact,51,0,6.0,0,0,0,0.0011111111111111111,nan,0
no_runaway_artifact,51,0,6.25,0,0,0,0.0011111111111111111,nan,0
no_runaway_artifact,51,0,6.5,0,0,0,0.0011111111111111111,nan,0
no_runaway_artifact,51,0,6.75,0,0,0,0.0011111111111111111,nan,0
no_runaway_artifact,51,0,7.0,0,0,0,0.0011111111111111111,nan,0
no_runaway_artifact,51,0,7.25,0,0,0,0.0011111111111111111,nan,0
no_runaway_artifact,51,0,7.5,0,0,0,0.0011111111111111111,nan,0
no_runaway_artifact,51,0,7.75,0,0,0,0.0011111111111111111,nan,0
no_runaway_artifact,51,0,8.0,0,0,0,0.0011111111111111111,nan,0
